bus,No of students_x_x,year,secondary school,GENDER,english,No of students_y_x,IT,No_of_students,media,No of students_x_y,graphic,No of students_y_y
1,54,2010,***مكرر**دبلوم,Female,1,16,1,12,,,,
2,100,2010,***مكرر**دبلوم,Male,2,9,2,38,,,,
3,54,2010,I.G.C.S.E,Female,3,16,3,12,,,,
4,100,2010,I.G.C.S.E,Male,4,9,4,38,,,,
5,54,2010,اخرى,Female,5,16,5,12,,,,
6,100,2010,اخرى,Male,6,9,6,38,,,,
7,54,2010,بكالوريوس,Female,7,16,7,12,,,,
8,100,2010,بكالوريوس,Male,8,9,8,38,,,,
9,54,2010,بكالوريوس أداب,Female,9,16,9,12,,,,
10,100,2010,بكالوريوس أداب,Male,10,9,10,38,,,,
11,54,2010,بكالوريوس أعلام,Female,11,16,11,12,,,,
12,100,2010,بكالوريوس أعلام,Male,12,9,12,38,,,,
13,54,2010,بكالوريوس الطب والجراحة,Female,13,16,13,12,,,,
14,100,2010,بكالوريوس الطب والجراحة,Male,14,9,14,38,,,,
15,54,2010,بكالوريوس اللغة الانجليزية و ادابها,Female,15,16,15,12,,,,
16,100,2010,بكالوريوس اللغة الانجليزية و ادابها,Male,16,9,16,38,,,,
17,54,2010,بكالوريوس تجارة,Female,17,16,17,12,,,,
18,100,2010,بكالوريوس تجارة,Male,18,9,18,38,,,,
19,54,2010,بكالوريوس تربية,Female,19,16,19,12,,,,
20,100,2010,بكالوريوس تربية,Male,20,9,20,38,,,,
21,54,2010,بكالوريوس تعاون,Female,21,16,21,12,,,,
22,100,2010,بكالوريوس تعاون,Male,22,9,22,38,,,,
23,54,2010,بكالوريوس دراسات اسلامية,Female,23,16,23,12,,,,
24,100,2010,بكالوريوس دراسات اسلامية,Male,24,9,24,38,,,,
25,54,2010,بكالوريوس فنون جميلة,Female,25,16,25,12,,,,
26,100,2010,بكالوريوس فنون جميلة,Male,26,9,26,38,,,,
27,54,2010,بكالوريوس فى العلوم الطبية البيطرية,Female,27,16,27,12,,,,
28,100,2010,بكالوريوس فى العلوم الطبية البيطرية,Male,28,9,28,38,,,,
29,54,2010,بكالوريوس معهد السينما,Female,29,16,29,12,,,,
30,100,2010,بكالوريوس معهد السينما,Male,30,9,30,38,,,,
31,54,2010,بكالوريوس معهد عالى علوم أدارية,Female,31,16,31,12,,,,
32,100,2010,بكالوريوس معهد عالى علوم أدارية,Male,32,9,32,38,,,,
33,54,2010,بكالوريوس هندسة,Female,33,16,33,12,,,,
34,100,2010,بكالوريوس هندسة,Male,34,9,34,38,,,,
35,54,2010,بكالويوس فى علوم الحاسب,Female,35,16,35,12,,,,
36,100,2010,بكالويوس فى علوم الحاسب,Male,36,9,36,38,,,,
37,54,2010,ثانوى صناعى,Female,37,16,37,12,,,,
38,100,2010,ثانوى صناعى,Male,38,9,38,38,,,,
39,54,2010,ثانوية أزهرية علمى (رياضة),Female,39,16,39,12,,,,
40,100,2010,ثانوية أزهرية علمى (رياضة),Male,40,9,40,38,,,,
41,54,2010,ثانوية أنجليزية,Female,41,16,41,12,,,,
42,100,2010,ثانوية أنجليزية,Male,42,9,42,38,,,,
43,54,2010,ثانوية عامة,Female,43,16,43,12,,,,
44,100,2010,ثانوية عامة,Male,44,9,44,38,,,,
45,54,2010,ثانوية عامة (أدبى),Female,45,16,45,12,,,,
46,100,2010,ثانوية عامة (أدبى),Male,46,9,46,38,,,,
47,54,2010,ثانوية عامة (لايوجد مستخرج او صورة للشهادة),Female,47,16,47,12,,,,
48,100,2010,ثانوية عامة (لايوجد مستخرج او صورة للشهادة),Male,48,9,48,38,,,,
49,54,2010,ثانوية عامة (متأدب),Female,49,16,49,12,,,,
50,100,2010,ثانوية عامة (متأدب),Male,50,9,50,38,,,,
51,54,2010,ثانوية عامة - غير موثقة من الخارجية,Female,51,16,51,12,,,,
52,100,2010,ثانوية عامة - غير موثقة من الخارجية,Male,52,9,52,38,,,,
53,54,2010,ثانوية عامة أزهرية ( أدبى),Female,53,16,53,12,,,,
54,100,2010,ثانوية عامة أزهرية ( أدبى),Male,54,9,54,38,,,,
55,54,2010,ثانوية عامة أزهرية ( علمى),Female,55,16,55,12,,,,
56,100,2010,ثانوية عامة أزهرية ( علمى),Male,56,9,56,38,,,,
57,54,2010,ثانوية عامة علمى (رياضة),Female,57,16,57,12,,,,
58,100,2010,ثانوية عامة علمى (رياضة),Male,58,9,58,38,,,,
59,54,2010,ثانوية عامة علمى (علوم),Female,59,16,59,12,,,,
60,100,2010,ثانوية عامة علمى (علوم),Male,60,9,60,38,,,,
61,54,2010,ثانوية عامة علمي - قديم,Female,61,16,61,12,,,,
62,100,2010,ثانوية عامة علمي - قديم,Male,62,9,62,38,,,,
63,54,2010,ثانوية فندقية,Female,63,16,63,12,,,,
64,100,2010,ثانوية فندقية,Male,64,9,64,38,,,,
65,54,2010,ثانوية فنية تجارية,Female,65,16,65,12,,,,
66,100,2010,ثانوية فنية تجارية,Male,66,9,66,38,,,,
67,54,2010,ثانوية فنية زراعية,Female,67,16,67,12,,,,
68,100,2010,ثانوية فنية زراعية,Male,68,9,68,38,,,,
69,54,2010,ثانوية معادلة عربية,Female,69,16,69,12,,,,
70,100,2010,ثانوية معادلة عربية,Male,70,9,70,38,,,,
71,54,2010,ثانوية معادلة عربية  (علمى),Female,71,16,71,12,,,,
72,100,2010,ثانوية معادلة عربية  (علمى),Male,72,9,72,38,,,,
73,54,2010,ثانوية معادلة عربية (أدبى),Female,73,16,73,12,,,,
74,100,2010,ثانوية معادلة عربية (أدبى),Male,74,9,74,38,,,,
75,54,2010,ثانوية معادلة عربية (تجارى),Female,75,16,75,12,,,,
76,100,2010,ثانوية معادلة عربية (تجارى),Male,76,9,76,38,,,,
77,54,2010,ثانوية معادلة عربية (صناعى) بنظام 5  سنوات,Female,77,16,77,12,,,,
78,100,2010,ثانوية معادلة عربية (صناعى) بنظام 5  سنوات,Male,78,9,78,38,,,,
79,54,2010,دبلوم تلمذة صناعية,Female,79,16,79,12,,,,
80,100,2010,دبلوم تلمذة صناعية,Male,80,9,80,38,,,,
81,54,2010,دبلوم دراسات عليا فى الحاسبات,Female,81,16,81,12,,,,
82,100,2010,دبلوم دراسات عليا فى الحاسبات,Male,82,9,82,38,,,,
83,54,2010,دبلوم صنايع - شعبة حاسب الي بنظام 5 سنوات,Female,83,16,83,12,,,,
84,100,2010,دبلوم صنايع - شعبة حاسب الي بنظام 5 سنوات,Male,84,9,84,38,,,,
85,54,2010,دبلوم فندقى,Female,85,16,85,12,,,,
86,100,2010,دبلوم فندقى,Male,86,9,86,38,,,,
87,54,2010,دبلوم مدارس ثانوية فنية صناعية,Female,87,16,87,12,,,,
88,100,2010,دبلوم مدارس ثانوية فنية صناعية,Male,88,9,88,38,,,,
89,54,2010,دبلوم مدارس ثانوية فنية للأدارة  والخدمات,Female,89,16,89,12,,,,
90,100,2010,دبلوم مدارس ثانوية فنية للأدارة  والخدمات,Male,90,9,90,38,,,,
91,54,2010,دبلوم معاهد صناعية,Female,91,16,91,12,,,,
92,100,2010,دبلوم معاهد صناعية,Male,92,9,92,38,,,,
93,54,2010,دبلوم معاهد فوق المتوسط,Female,93,16,93,12,,,,
94,100,2010,دبلوم معاهد فوق المتوسط,Male,94,9,94,38,,,,
95,54,2010,دبلومة امريكية - تعهد بأحضار السات,Female,95,16,95,12,,,,
96,100,2010,دبلومة امريكية - تعهد بأحضار السات,Male,96,9,96,38,,,,
97,54,2010,دبلومة امريكية - جديد,Female,97,16,97,12,,,,
98,100,2010,دبلومة امريكية - جديد,Male,98,9,98,38,,,,
99,54,2010,دبلومة امريكية - قديم,Female,99,16,99,12,,,,
100,100,2010,دبلومة امريكية - قديم,Male,100,9,100,38,,,,
101,54,2010,دكتوراة فى الهندسة المعمارية,Female,101,16,101,12,,,,
102,100,2010,دكتوراة فى الهندسة المعمارية,Male,102,9,102,38,,,,
103,54,2010,سات 2,Female,103,16,103,12,,,,
104,100,2010,سات 2,Male,104,9,104,38,,,,
105,54,2010,سياحه وفنادق- إدارة وخدمات,Female,105,16,105,12,,,,
106,100,2010,سياحه وفنادق- إدارة وخدمات,Male,106,9,106,38,,,,
107,54,2010,شهادة أجنبية,Female,107,16,107,12,,,,
108,100,2010,شهادة أجنبية,Male,108,9,108,38,,,,
109,54,2010,غير معرف,Female,109,16,109,12,,,,
110,100,2010,غير معرف,Male,110,9,110,38,,,,
111,54,2010,ليسانس أداب,Female,111,16,111,12,,,,
112,100,2010,ليسانس أداب,Male,112,9,112,38,,,,
113,54,2010,ليسانس ألسن,Female,113,16,113,12,,,,
114,100,2010,ليسانس ألسن,Male,114,9,114,38,,,,
115,54,2010,ليسانس حقوق,Female,115,16,115,12,,,,
116,100,2010,ليسانس حقوق,Male,116,9,116,38,,,,
117,54,2010,ليسانس علوم أدارية,Female,117,16,117,12,,,,
118,100,2010,ليسانس علوم أدارية,Male,118,9,118,38,,,,
119,49,2011,***مكرر**دبلوم,Female,119,26,119,14,,,,
120,91,2011,***مكرر**دبلوم,Male,120,13,120,74,,,,
121,49,2011,I.G.C.S.E,Female,121,26,121,14,,,,
122,91,2011,I.G.C.S.E,Male,122,13,122,74,,,,
123,49,2011,اخرى,Female,123,26,123,14,,,,
124,91,2011,اخرى,Male,124,13,124,74,,,,
125,49,2011,بكالوريوس,Female,125,26,125,14,,,,
126,91,2011,بكالوريوس,Male,126,13,126,74,,,,
127,49,2011,بكالوريوس أداب,Female,127,26,127,14,,,,
128,91,2011,بكالوريوس أداب,Male,128,13,128,74,,,,
129,49,2011,بكالوريوس أعلام,Female,129,26,129,14,,,,
130,91,2011,بكالوريوس أعلام,Male,130,13,130,74,,,,
131,49,2011,بكالوريوس الطب والجراحة,Female,131,26,131,14,,,,
132,91,2011,بكالوريوس الطب والجراحة,Male,132,13,132,74,,,,
133,49,2011,بكالوريوس اللغة الانجليزية و ادابها,Female,133,26,133,14,,,,
134,91,2011,بكالوريوس اللغة الانجليزية و ادابها,Male,134,13,134,74,,,,
135,49,2011,بكالوريوس تجارة,Female,135,26,135,14,,,,
136,91,2011,بكالوريوس تجارة,Male,136,13,136,74,,,,
137,49,2011,بكالوريوس تربية,Female,137,26,137,14,,,,
138,91,2011,بكالوريوس تربية,Male,138,13,138,74,,,,
139,49,2011,بكالوريوس تعاون,Female,139,26,139,14,,,,
140,91,2011,بكالوريوس تعاون,Male,140,13,140,74,,,,
141,49,2011,بكالوريوس دراسات اسلامية,Female,141,26,141,14,,,,
142,91,2011,بكالوريوس دراسات اسلامية,Male,142,13,142,74,,,,
143,49,2011,بكالوريوس فنون جميلة,Female,143,26,143,14,,,,
144,91,2011,بكالوريوس فنون جميلة,Male,144,13,144,74,,,,
145,49,2011,بكالوريوس فى العلوم الطبية البيطرية,Female,145,26,145,14,,,,
146,91,2011,بكالوريوس فى العلوم الطبية البيطرية,Male,146,13,146,74,,,,
147,49,2011,بكالوريوس معهد السينما,Female,147,26,147,14,,,,
148,91,2011,بكالوريوس معهد السينما,Male,148,13,148,74,,,,
149,49,2011,بكالوريوس معهد عالى علوم أدارية,Female,149,26,149,14,,,,
150,91,2011,بكالوريوس معهد عالى علوم أدارية,Male,150,13,150,74,,,,
151,49,2011,بكالوريوس هندسة,Female,151,26,151,14,,,,
152,91,2011,بكالوريوس هندسة,Male,152,13,152,74,,,,
153,49,2011,بكالويوس فى علوم الحاسب,Female,153,26,153,14,,,,
154,91,2011,بكالويوس فى علوم الحاسب,Male,154,13,154,74,,,,
155,49,2011,ثانوى صناعى,Female,155,26,155,14,,,,
156,91,2011,ثانوى صناعى,Male,156,13,156,74,,,,
157,49,2011,ثانوية أزهرية علمى (رياضة),Female,157,26,157,14,,,,
158,91,2011,ثانوية أزهرية علمى (رياضة),Male,158,13,158,74,,,,
159,49,2011,ثانوية أنجليزية,Female,159,26,159,14,,,,
160,91,2011,ثانوية أنجليزية,Male,160,13,160,74,,,,
161,49,2011,ثانوية عامة,Female,161,26,161,14,,,,
162,91,2011,ثانوية عامة,Male,162,13,162,74,,,,
163,49,2011,ثانوية عامة (أدبى),Female,163,26,163,14,,,,
164,91,2011,ثانوية عامة (أدبى),Male,164,13,164,74,,,,
165,49,2011,ثانوية عامة (لايوجد مستخرج او صورة للشهادة),Female,165,26,165,14,,,,
166,91,2011,ثانوية عامة (لايوجد مستخرج او صورة للشهادة),Male,166,13,166,74,,,,
167,49,2011,ثانوية عامة (متأدب),Female,167,26,167,14,,,,
168,91,2011,ثانوية عامة (متأدب),Male,168,13,168,74,,,,
169,49,2011,ثانوية عامة - غير موثقة من الخارجية,Female,169,26,169,14,,,,
170,91,2011,ثانوية عامة - غير موثقة من الخارجية,Male,170,13,170,74,,,,
171,49,2011,ثانوية عامة أزهرية ( أدبى),Female,171,26,171,14,,,,
172,91,2011,ثانوية عامة أزهرية ( أدبى),Male,172,13,172,74,,,,
173,49,2011,ثانوية عامة أزهرية ( علمى),Female,173,26,173,14,,,,
174,91,2011,ثانوية عامة أزهرية ( علمى),Male,174,13,174,74,,,,
175,49,2011,ثانوية عامة علمى (رياضة),Female,175,26,175,14,,,,
176,91,2011,ثانوية عامة علمى (رياضة),Male,176,13,176,74,,,,
177,49,2011,ثانوية عامة علمى (علوم),Female,177,26,177,14,,,,
178,91,2011,ثانوية عامة علمى (علوم),Male,178,13,178,74,,,,
179,49,2011,ثانوية عامة علمي - قديم,Female,179,26,179,14,,,,
180,91,2011,ثانوية عامة علمي - قديم,Male,180,13,180,74,,,,
181,49,2011,ثانوية فندقية,Female,181,26,181,14,,,,
182,91,2011,ثانوية فندقية,Male,182,13,182,74,,,,
183,49,2011,ثانوية فنية تجارية,Female,183,26,183,14,,,,
184,91,2011,ثانوية فنية تجارية,Male,184,13,184,74,,,,
185,49,2011,ثانوية فنية زراعية,Female,185,26,185,14,,,,
186,91,2011,ثانوية فنية زراعية,Male,186,13,186,74,,,,
187,49,2011,ثانوية معادلة عربية,Female,187,26,187,14,,,,
188,91,2011,ثانوية معادلة عربية,Male,188,13,188,74,,,,
189,49,2011,ثانوية معادلة عربية  (علمى),Female,189,26,189,14,,,,
190,91,2011,ثانوية معادلة عربية  (علمى),Male,190,13,190,74,,,,
191,49,2011,ثانوية معادلة عربية (أدبى),Female,191,26,191,14,,,,
192,91,2011,ثانوية معادلة عربية (أدبى),Male,192,13,192,74,,,,
193,49,2011,ثانوية معادلة عربية (تجارى),Female,193,26,193,14,,,,
194,91,2011,ثانوية معادلة عربية (تجارى),Male,194,13,194,74,,,,
195,49,2011,ثانوية معادلة عربية (صناعى) بنظام 5  سنوات,Female,195,26,195,14,,,,
196,91,2011,ثانوية معادلة عربية (صناعى) بنظام 5  سنوات,Male,196,13,196,74,,,,
197,49,2011,دبلوم تلمذة صناعية,Female,197,26,197,14,,,,
198,91,2011,دبلوم تلمذة صناعية,Male,198,13,198,74,,,,
199,49,2011,دبلوم دراسات عليا فى الحاسبات,Female,199,26,199,14,,,,
200,91,2011,دبلوم دراسات عليا فى الحاسبات,Male,200,13,200,74,,,,
201,49,2011,دبلوم صنايع - شعبة حاسب الي بنظام 5 سنوات,Female,201,26,201,14,,,,
202,91,2011,دبلوم صنايع - شعبة حاسب الي بنظام 5 سنوات,Male,202,13,202,74,,,,
203,49,2011,دبلوم فندقى,Female,203,26,203,14,,,,
204,91,2011,دبلوم فندقى,Male,204,13,204,74,,,,
205,49,2011,دبلوم مدارس ثانوية فنية صناعية,Female,205,26,205,14,,,,
206,91,2011,دبلوم مدارس ثانوية فنية صناعية,Male,206,13,206,74,,,,
207,49,2011,دبلوم مدارس ثانوية فنية للأدارة  والخدمات,Female,207,26,207,14,,,,
208,91,2011,دبلوم مدارس ثانوية فنية للأدارة  والخدمات,Male,208,13,208,74,,,,
209,49,2011,دبلوم معاهد صناعية,Female,209,26,209,14,,,,
210,91,2011,دبلوم معاهد صناعية,Male,210,13,210,74,,,,
211,49,2011,دبلوم معاهد فوق المتوسط,Female,211,26,211,14,,,,
212,91,2011,دبلوم معاهد فوق المتوسط,Male,212,13,212,74,,,,
213,49,2011,دبلومة امريكية - تعهد بأحضار السات,Female,213,26,213,14,,,,
214,91,2011,دبلومة امريكية - تعهد بأحضار السات,Male,214,13,214,74,,,,
215,49,2011,دبلومة امريكية - جديد,Female,215,26,215,14,,,,
216,91,2011,دبلومة امريكية - جديد,Male,216,13,216,74,,,,
217,49,2011,دبلومة امريكية - قديم,Female,217,26,217,14,,,,
218,91,2011,دبلومة امريكية - قديم,Male,218,13,218,74,,,,
219,49,2011,دكتوراة فى الهندسة المعمارية,Female,219,26,219,14,,,,
220,91,2011,دكتوراة فى الهندسة المعمارية,Male,220,13,220,74,,,,
221,49,2011,سات 2,Female,221,26,221,14,,,,
222,91,2011,سات 2,Male,222,13,222,74,,,,
223,49,2011,سياحه وفنادق- إدارة وخدمات,Female,223,26,223,14,,,,
224,91,2011,سياحه وفنادق- إدارة وخدمات,Male,224,13,224,74,,,,
225,49,2011,شهادة أجنبية,Female,225,26,225,14,,,,
226,91,2011,شهادة أجنبية,Male,226,13,226,74,,,,
227,49,2011,غير معرف,Female,227,26,227,14,,,,
228,91,2011,غير معرف,Male,228,13,228,74,,,,
229,49,2011,ليسانس أداب,Female,229,26,229,14,,,,
230,91,2011,ليسانس أداب,Male,230,13,230,74,,,,
231,49,2011,ليسانس ألسن,Female,231,26,231,14,,,,
232,91,2011,ليسانس ألسن,Male,232,13,232,74,,,,
233,49,2011,ليسانس حقوق,Female,233,26,233,14,,,,
234,91,2011,ليسانس حقوق,Male,234,13,234,74,,,,
235,49,2011,ليسانس علوم أدارية,Female,235,26,235,14,,,,
236,91,2011,ليسانس علوم أدارية,Male,236,13,236,74,,,,
237,26,2012,***مكرر**دبلوم,Female,237,24,237,9,,,,
238,56,2012,***مكرر**دبلوم,Male,238,8,238,24,1.0,2.0,,
239,26,2012,I.G.C.S.E,Female,239,24,239,9,,,,
240,56,2012,I.G.C.S.E,Male,240,8,240,24,2.0,2.0,,
241,26,2012,اخرى,Female,241,24,241,9,,,,
242,56,2012,اخرى,Male,242,8,242,24,3.0,2.0,,
243,26,2012,بكالوريوس,Female,243,24,243,9,,,,
244,56,2012,بكالوريوس,Male,244,8,244,24,4.0,2.0,,
245,26,2012,بكالوريوس أداب,Female,245,24,245,9,,,,
246,56,2012,بكالوريوس أداب,Male,246,8,246,24,5.0,2.0,,
247,26,2012,بكالوريوس أعلام,Female,247,24,247,9,,,,
248,56,2012,بكالوريوس أعلام,Male,248,8,248,24,6.0,2.0,,
249,26,2012,بكالوريوس الطب والجراحة,Female,249,24,249,9,,,,
250,56,2012,بكالوريوس الطب والجراحة,Male,250,8,250,24,7.0,2.0,,
251,26,2012,بكالوريوس اللغة الانجليزية و ادابها,Female,251,24,251,9,,,,
252,56,2012,بكالوريوس اللغة الانجليزية و ادابها,Male,252,8,252,24,8.0,2.0,,
253,26,2012,بكالوريوس تجارة,Female,253,24,253,9,,,,
254,56,2012,بكالوريوس تجارة,Male,254,8,254,24,9.0,2.0,,
255,26,2012,بكالوريوس تربية,Female,255,24,255,9,,,,
256,56,2012,بكالوريوس تربية,Male,256,8,256,24,10.0,2.0,,
257,26,2012,بكالوريوس تعاون,Female,257,24,257,9,,,,
258,56,2012,بكالوريوس تعاون,Male,258,8,258,24,11.0,2.0,,
259,26,2012,بكالوريوس دراسات اسلامية,Female,259,24,259,9,,,,
260,56,2012,بكالوريوس دراسات اسلامية,Male,260,8,260,24,12.0,2.0,,
261,26,2012,بكالوريوس فنون جميلة,Female,261,24,261,9,,,,
262,56,2012,بكالوريوس فنون جميلة,Male,262,8,262,24,13.0,2.0,,
263,26,2012,بكالوريوس فى العلوم الطبية البيطرية,Female,263,24,263,9,,,,
264,56,2012,بكالوريوس فى العلوم الطبية البيطرية,Male,264,8,264,24,14.0,2.0,,
265,26,2012,بكالوريوس معهد السينما,Female,265,24,265,9,,,,
266,56,2012,بكالوريوس معهد السينما,Male,266,8,266,24,15.0,2.0,,
267,26,2012,بكالوريوس معهد عالى علوم أدارية,Female,267,24,267,9,,,,
268,56,2012,بكالوريوس معهد عالى علوم أدارية,Male,268,8,268,24,16.0,2.0,,
269,26,2012,بكالوريوس هندسة,Female,269,24,269,9,,,,
270,56,2012,بكالوريوس هندسة,Male,270,8,270,24,17.0,2.0,,
271,26,2012,بكالويوس فى علوم الحاسب,Female,271,24,271,9,,,,
272,56,2012,بكالويوس فى علوم الحاسب,Male,272,8,272,24,18.0,2.0,,
273,26,2012,ثانوى صناعى,Female,273,24,273,9,,,,
274,56,2012,ثانوى صناعى,Male,274,8,274,24,19.0,2.0,,
275,26,2012,ثانوية أزهرية علمى (رياضة),Female,275,24,275,9,,,,
276,56,2012,ثانوية أزهرية علمى (رياضة),Male,276,8,276,24,20.0,2.0,,
277,26,2012,ثانوية أنجليزية,Female,277,24,277,9,,,,
278,56,2012,ثانوية أنجليزية,Male,278,8,278,24,21.0,2.0,,
279,26,2012,ثانوية عامة,Female,279,24,279,9,,,,
280,56,2012,ثانوية عامة,Male,280,8,280,24,22.0,2.0,,
281,26,2012,ثانوية عامة (أدبى),Female,281,24,281,9,,,,
282,56,2012,ثانوية عامة (أدبى),Male,282,8,282,24,23.0,2.0,,
283,26,2012,ثانوية عامة (لايوجد مستخرج او صورة للشهادة),Female,283,24,283,9,,,,
284,56,2012,ثانوية عامة (لايوجد مستخرج او صورة للشهادة),Male,284,8,284,24,24.0,2.0,,
285,26,2012,ثانوية عامة (متأدب),Female,285,24,285,9,,,,
286,56,2012,ثانوية عامة (متأدب),Male,286,8,286,24,25.0,2.0,,
287,26,2012,ثانوية عامة - غير موثقة من الخارجية,Female,287,24,287,9,,,,
288,56,2012,ثانوية عامة - غير موثقة من الخارجية,Male,288,8,288,24,26.0,2.0,,
289,26,2012,ثانوية عامة أزهرية ( أدبى),Female,289,24,289,9,,,,
290,56,2012,ثانوية عامة أزهرية ( أدبى),Male,290,8,290,24,27.0,2.0,,
291,26,2012,ثانوية عامة أزهرية ( علمى),Female,291,24,291,9,,,,
292,56,2012,ثانوية عامة أزهرية ( علمى),Male,292,8,292,24,28.0,2.0,,
293,26,2012,ثانوية عامة علمى (رياضة),Female,293,24,293,9,,,,
294,56,2012,ثانوية عامة علمى (رياضة),Male,294,8,294,24,29.0,2.0,,
295,26,2012,ثانوية عامة علمى (علوم),Female,295,24,295,9,,,,
296,56,2012,ثانوية عامة علمى (علوم),Male,296,8,296,24,30.0,2.0,,
297,26,2012,ثانوية عامة علمي - قديم,Female,297,24,297,9,,,,
298,56,2012,ثانوية عامة علمي - قديم,Male,298,8,298,24,31.0,2.0,,
299,26,2012,ثانوية فندقية,Female,299,24,299,9,,,,
300,56,2012,ثانوية فندقية,Male,300,8,300,24,32.0,2.0,,
301,26,2012,ثانوية فنية تجارية,Female,301,24,301,9,,,,
302,56,2012,ثانوية فنية تجارية,Male,302,8,302,24,33.0,2.0,,
303,26,2012,ثانوية فنية زراعية,Female,303,24,303,9,,,,
304,56,2012,ثانوية فنية زراعية,Male,304,8,304,24,34.0,2.0,,
305,26,2012,ثانوية معادلة عربية,Female,305,24,305,9,,,,
306,56,2012,ثانوية معادلة عربية,Male,306,8,306,24,35.0,2.0,,
307,26,2012,ثانوية معادلة عربية  (علمى),Female,307,24,307,9,,,,
308,56,2012,ثانوية معادلة عربية  (علمى),Male,308,8,308,24,36.0,2.0,,
309,26,2012,ثانوية معادلة عربية (أدبى),Female,309,24,309,9,,,,
310,56,2012,ثانوية معادلة عربية (أدبى),Male,310,8,310,24,37.0,2.0,,
311,26,2012,ثانوية معادلة عربية (تجارى),Female,311,24,311,9,,,,
312,56,2012,ثانوية معادلة عربية (تجارى),Male,312,8,312,24,38.0,2.0,,
313,26,2012,ثانوية معادلة عربية (صناعى) بنظام 5  سنوات,Female,313,24,313,9,,,,
314,56,2012,ثانوية معادلة عربية (صناعى) بنظام 5  سنوات,Male,314,8,314,24,39.0,2.0,,
315,26,2012,دبلوم تلمذة صناعية,Female,315,24,315,9,,,,
316,56,2012,دبلوم تلمذة صناعية,Male,316,8,316,24,40.0,2.0,,
317,26,2012,دبلوم دراسات عليا فى الحاسبات,Female,317,24,317,9,,,,
318,56,2012,دبلوم دراسات عليا فى الحاسبات,Male,318,8,318,24,41.0,2.0,,
319,26,2012,دبلوم صنايع - شعبة حاسب الي بنظام 5 سنوات,Female,319,24,319,9,,,,
320,56,2012,دبلوم صنايع - شعبة حاسب الي بنظام 5 سنوات,Male,320,8,320,24,42.0,2.0,,
321,26,2012,دبلوم فندقى,Female,321,24,321,9,,,,
322,56,2012,دبلوم فندقى,Male,322,8,322,24,43.0,2.0,,
323,26,2012,دبلوم مدارس ثانوية فنية صناعية,Female,323,24,323,9,,,,
324,56,2012,دبلوم مدارس ثانوية فنية صناعية,Male,324,8,324,24,44.0,2.0,,
325,26,2012,دبلوم مدارس ثانوية فنية للأدارة  والخدمات,Female,325,24,325,9,,,,
326,56,2012,دبلوم مدارس ثانوية فنية للأدارة  والخدمات,Male,326,8,326,24,45.0,2.0,,
327,26,2012,دبلوم معاهد صناعية,Female,327,24,327,9,,,,
328,56,2012,دبلوم معاهد صناعية,Male,328,8,328,24,46.0,2.0,,
329,26,2012,دبلوم معاهد فوق المتوسط,Female,329,24,329,9,,,,
330,56,2012,دبلوم معاهد فوق المتوسط,Male,330,8,330,24,47.0,2.0,,
331,26,2012,دبلومة امريكية - تعهد بأحضار السات,Female,331,24,331,9,,,,
332,56,2012,دبلومة امريكية - تعهد بأحضار السات,Male,332,8,332,24,48.0,2.0,,
333,26,2012,دبلومة امريكية - جديد,Female,333,24,333,9,,,,
334,56,2012,دبلومة امريكية - جديد,Male,334,8,334,24,49.0,2.0,,
335,26,2012,دبلومة امريكية - قديم,Female,335,24,335,9,,,,
336,56,2012,دبلومة امريكية - قديم,Male,336,8,336,24,50.0,2.0,,
337,26,2012,دكتوراة فى الهندسة المعمارية,Female,337,24,337,9,,,,
338,56,2012,دكتوراة فى الهندسة المعمارية,Male,338,8,338,24,51.0,2.0,,
339,26,2012,سات 2,Female,339,24,339,9,,,,
340,56,2012,سات 2,Male,340,8,340,24,52.0,2.0,,
341,26,2012,سياحه وفنادق- إدارة وخدمات,Female,341,24,341,9,,,,
342,56,2012,سياحه وفنادق- إدارة وخدمات,Male,342,8,342,24,53.0,2.0,,
343,26,2012,شهادة أجنبية,Female,343,24,343,9,,,,
344,56,2012,شهادة أجنبية,Male,344,8,344,24,54.0,2.0,,
345,26,2012,غير معرف,Female,345,24,345,9,,,,
346,56,2012,غير معرف,Male,346,8,346,24,55.0,2.0,,
347,26,2012,ليسانس أداب,Female,347,24,347,9,,,,
348,56,2012,ليسانس أداب,Male,348,8,348,24,56.0,2.0,,
349,26,2012,ليسانس ألسن,Female,349,24,349,9,,,,
350,56,2012,ليسانس ألسن,Male,350,8,350,24,57.0,2.0,,
351,26,2012,ليسانس حقوق,Female,351,24,351,9,,,,
352,56,2012,ليسانس حقوق,Male,352,8,352,24,58.0,2.0,,
353,26,2012,ليسانس علوم أدارية,Female,353,24,353,9,,,,
354,56,2012,ليسانس علوم أدارية,Male,354,8,354,24,59.0,2.0,,
355,62,2013,***مكرر**دبلوم,Female,355,34,355,12,60.0,2.0,,
356,168,2013,***مكرر**دبلوم,Male,356,12,356,117,61.0,4.0,1.0,1.0
357,62,2013,I.G.C.S.E,Female,357,34,357,12,62.0,2.0,,
358,168,2013,I.G.C.S.E,Male,358,12,358,117,63.0,4.0,2.0,1.0
359,62,2013,اخرى,Female,359,34,359,12,64.0,2.0,,
360,168,2013,اخرى,Male,360,12,360,117,65.0,4.0,3.0,1.0
361,62,2013,بكالوريوس,Female,361,34,361,12,66.0,2.0,,
362,168,2013,بكالوريوس,Male,362,12,362,117,67.0,4.0,4.0,1.0
363,62,2013,بكالوريوس أداب,Female,363,34,363,12,68.0,2.0,,
364,168,2013,بكالوريوس أداب,Male,364,12,364,117,69.0,4.0,5.0,1.0
365,62,2013,بكالوريوس أعلام,Female,365,34,365,12,70.0,2.0,,
366,168,2013,بكالوريوس أعلام,Male,366,12,366,117,71.0,4.0,6.0,1.0
367,62,2013,بكالوريوس الطب والجراحة,Female,367,34,367,12,72.0,2.0,,
368,168,2013,بكالوريوس الطب والجراحة,Male,368,12,368,117,73.0,4.0,7.0,1.0
369,62,2013,بكالوريوس اللغة الانجليزية و ادابها,Female,369,34,369,12,74.0,2.0,,
370,168,2013,بكالوريوس اللغة الانجليزية و ادابها,Male,370,12,370,117,75.0,4.0,8.0,1.0
371,62,2013,بكالوريوس تجارة,Female,371,34,371,12,76.0,2.0,,
372,168,2013,بكالوريوس تجارة,Male,372,12,372,117,77.0,4.0,9.0,1.0
373,62,2013,بكالوريوس تربية,Female,373,34,373,12,78.0,2.0,,
374,168,2013,بكالوريوس تربية,Male,374,12,374,117,79.0,4.0,10.0,1.0
375,62,2013,بكالوريوس تعاون,Female,375,34,375,12,80.0,2.0,,
376,168,2013,بكالوريوس تعاون,Male,376,12,376,117,81.0,4.0,11.0,1.0
377,62,2013,بكالوريوس دراسات اسلامية,Female,377,34,377,12,82.0,2.0,,
378,168,2013,بكالوريوس دراسات اسلامية,Male,378,12,378,117,83.0,4.0,12.0,1.0
379,62,2013,بكالوريوس فنون جميلة,Female,379,34,379,12,84.0,2.0,,
380,168,2013,بكالوريوس فنون جميلة,Male,380,12,380,117,85.0,4.0,13.0,1.0
381,62,2013,بكالوريوس فى العلوم الطبية البيطرية,Female,381,34,381,12,86.0,2.0,,
382,168,2013,بكالوريوس فى العلوم الطبية البيطرية,Male,382,12,382,117,87.0,4.0,14.0,1.0
383,62,2013,بكالوريوس معهد السينما,Female,383,34,383,12,88.0,2.0,,
384,168,2013,بكالوريوس معهد السينما,Male,384,12,384,117,89.0,4.0,15.0,1.0
385,62,2013,بكالوريوس معهد عالى علوم أدارية,Female,385,34,385,12,90.0,2.0,,
386,168,2013,بكالوريوس معهد عالى علوم أدارية,Male,386,12,386,117,91.0,4.0,16.0,1.0
387,62,2013,بكالوريوس هندسة,Female,387,34,387,12,92.0,2.0,,
388,168,2013,بكالوريوس هندسة,Male,388,12,388,117,93.0,4.0,17.0,1.0
389,62,2013,بكالويوس فى علوم الحاسب,Female,389,34,389,12,94.0,2.0,,
390,168,2013,بكالويوس فى علوم الحاسب,Male,390,12,390,117,95.0,4.0,18.0,1.0
391,62,2013,ثانوى صناعى,Female,391,34,391,12,96.0,2.0,,
392,168,2013,ثانوى صناعى,Male,392,12,392,117,97.0,4.0,19.0,1.0
393,62,2013,ثانوية أزهرية علمى (رياضة),Female,393,34,393,12,98.0,2.0,,
394,168,2013,ثانوية أزهرية علمى (رياضة),Male,394,12,394,117,99.0,4.0,20.0,1.0
395,62,2013,ثانوية أنجليزية,Female,395,34,395,12,100.0,2.0,,
396,168,2013,ثانوية أنجليزية,Male,396,12,396,117,101.0,4.0,21.0,1.0
397,62,2013,ثانوية عامة,Female,397,34,397,12,102.0,2.0,,
398,168,2013,ثانوية عامة,Male,398,12,398,117,103.0,4.0,22.0,1.0
399,62,2013,ثانوية عامة (أدبى),Female,399,34,399,12,104.0,2.0,,
400,168,2013,ثانوية عامة (أدبى),Male,400,12,400,117,105.0,4.0,23.0,1.0
401,62,2013,ثانوية عامة (لايوجد مستخرج او صورة للشهادة),Female,401,34,401,12,106.0,2.0,,
402,168,2013,ثانوية عامة (لايوجد مستخرج او صورة للشهادة),Male,402,12,402,117,107.0,4.0,24.0,1.0
403,62,2013,ثانوية عامة (متأدب),Female,403,34,403,12,108.0,2.0,,
404,168,2013,ثانوية عامة (متأدب),Male,404,12,404,117,109.0,4.0,25.0,1.0
405,62,2013,ثانوية عامة - غير موثقة من الخارجية,Female,405,34,405,12,110.0,2.0,,
406,168,2013,ثانوية عامة - غير موثقة من الخارجية,Male,406,12,406,117,111.0,4.0,26.0,1.0
407,62,2013,ثانوية عامة أزهرية ( أدبى),Female,407,34,407,12,112.0,2.0,,
408,168,2013,ثانوية عامة أزهرية ( أدبى),Male,408,12,408,117,113.0,4.0,27.0,1.0
409,62,2013,ثانوية عامة أزهرية ( علمى),Female,409,34,409,12,114.0,2.0,,
410,168,2013,ثانوية عامة أزهرية ( علمى),Male,410,12,410,117,115.0,4.0,28.0,1.0
411,62,2013,ثانوية عامة علمى (رياضة),Female,411,34,411,12,116.0,2.0,,
412,168,2013,ثانوية عامة علمى (رياضة),Male,412,12,412,117,117.0,4.0,29.0,1.0
413,62,2013,ثانوية عامة علمى (علوم),Female,413,34,413,12,118.0,2.0,,
414,168,2013,ثانوية عامة علمى (علوم),Male,414,12,414,117,119.0,4.0,30.0,1.0
415,62,2013,ثانوية عامة علمي - قديم,Female,415,34,415,12,120.0,2.0,,
416,168,2013,ثانوية عامة علمي - قديم,Male,416,12,416,117,121.0,4.0,31.0,1.0
417,62,2013,ثانوية فندقية,Female,417,34,417,12,122.0,2.0,,
418,168,2013,ثانوية فندقية,Male,418,12,418,117,123.0,4.0,32.0,1.0
419,62,2013,ثانوية فنية تجارية,Female,419,34,419,12,124.0,2.0,,
420,168,2013,ثانوية فنية تجارية,Male,420,12,420,117,125.0,4.0,33.0,1.0
421,62,2013,ثانوية فنية زراعية,Female,421,34,421,12,126.0,2.0,,
422,168,2013,ثانوية فنية زراعية,Male,422,12,422,117,127.0,4.0,34.0,1.0
423,62,2013,ثانوية معادلة عربية,Female,423,34,423,12,128.0,2.0,,
424,168,2013,ثانوية معادلة عربية,Male,424,12,424,117,129.0,4.0,35.0,1.0
425,62,2013,ثانوية معادلة عربية  (علمى),Female,425,34,425,12,130.0,2.0,,
426,168,2013,ثانوية معادلة عربية  (علمى),Male,426,12,426,117,131.0,4.0,36.0,1.0
427,62,2013,ثانوية معادلة عربية (أدبى),Female,427,34,427,12,132.0,2.0,,
428,168,2013,ثانوية معادلة عربية (أدبى),Male,428,12,428,117,133.0,4.0,37.0,1.0
429,62,2013,ثانوية معادلة عربية (تجارى),Female,429,34,429,12,134.0,2.0,,
430,168,2013,ثانوية معادلة عربية (تجارى),Male,430,12,430,117,135.0,4.0,38.0,1.0
431,62,2013,ثانوية معادلة عربية (صناعى) بنظام 5  سنوات,Female,431,34,431,12,136.0,2.0,,
432,168,2013,ثانوية معادلة عربية (صناعى) بنظام 5  سنوات,Male,432,12,432,117,137.0,4.0,39.0,1.0
433,62,2013,دبلوم تلمذة صناعية,Female,433,34,433,12,138.0,2.0,,
434,168,2013,دبلوم تلمذة صناعية,Male,434,12,434,117,139.0,4.0,40.0,1.0
435,62,2013,دبلوم دراسات عليا فى الحاسبات,Female,435,34,435,12,140.0,2.0,,
436,168,2013,دبلوم دراسات عليا فى الحاسبات,Male,436,12,436,117,141.0,4.0,41.0,1.0
437,62,2013,دبلوم صنايع - شعبة حاسب الي بنظام 5 سنوات,Female,437,34,437,12,142.0,2.0,,
438,168,2013,دبلوم صنايع - شعبة حاسب الي بنظام 5 سنوات,Male,438,12,438,117,143.0,4.0,42.0,1.0
439,62,2013,دبلوم فندقى,Female,439,34,439,12,144.0,2.0,,
440,168,2013,دبلوم فندقى,Male,440,12,440,117,145.0,4.0,43.0,1.0
441,62,2013,دبلوم مدارس ثانوية فنية صناعية,Female,441,34,441,12,146.0,2.0,,
442,168,2013,دبلوم مدارس ثانوية فنية صناعية,Male,442,12,442,117,147.0,4.0,44.0,1.0
443,62,2013,دبلوم مدارس ثانوية فنية للأدارة  والخدمات,Female,443,34,443,12,148.0,2.0,,
444,168,2013,دبلوم مدارس ثانوية فنية للأدارة  والخدمات,Male,444,12,444,117,149.0,4.0,45.0,1.0
445,62,2013,دبلوم معاهد صناعية,Female,445,34,445,12,150.0,2.0,,
446,168,2013,دبلوم معاهد صناعية,Male,446,12,446,117,151.0,4.0,46.0,1.0
447,62,2013,دبلوم معاهد فوق المتوسط,Female,447,34,447,12,152.0,2.0,,
448,168,2013,دبلوم معاهد فوق المتوسط,Male,448,12,448,117,153.0,4.0,47.0,1.0
449,62,2013,دبلومة امريكية - تعهد بأحضار السات,Female,449,34,449,12,154.0,2.0,,
450,168,2013,دبلومة امريكية - تعهد بأحضار السات,Male,450,12,450,117,155.0,4.0,48.0,1.0
451,62,2013,دبلومة امريكية - جديد,Female,451,34,451,12,156.0,2.0,,
452,168,2013,دبلومة امريكية - جديد,Male,452,12,452,117,157.0,4.0,49.0,1.0
453,62,2013,دبلومة امريكية - قديم,Female,453,34,453,12,158.0,2.0,,
454,168,2013,دبلومة امريكية - قديم,Male,454,12,454,117,159.0,4.0,50.0,1.0
455,62,2013,دكتوراة فى الهندسة المعمارية,Female,455,34,455,12,160.0,2.0,,
456,168,2013,دكتوراة فى الهندسة المعمارية,Male,456,12,456,117,161.0,4.0,51.0,1.0
457,62,2013,سات 2,Female,457,34,457,12,162.0,2.0,,
458,168,2013,سات 2,Male,458,12,458,117,163.0,4.0,52.0,1.0
459,62,2013,سياحه وفنادق- إدارة وخدمات,Female,459,34,459,12,164.0,2.0,,
460,168,2013,سياحه وفنادق- إدارة وخدمات,Male,460,12,460,117,165.0,4.0,53.0,1.0
461,62,2013,شهادة أجنبية,Female,461,34,461,12,166.0,2.0,,
462,168,2013,شهادة أجنبية,Male,462,12,462,117,167.0,4.0,54.0,1.0
463,62,2013,غير معرف,Female,463,34,463,12,168.0,2.0,,
464,168,2013,غير معرف,Male,464,12,464,117,169.0,4.0,55.0,1.0
465,62,2013,ليسانس أداب,Female,465,34,465,12,170.0,2.0,,
466,168,2013,ليسانس أداب,Male,466,12,466,117,171.0,4.0,56.0,1.0
467,62,2013,ليسانس ألسن,Female,467,34,467,12,172.0,2.0,,
468,168,2013,ليسانس ألسن,Male,468,12,468,117,173.0,4.0,57.0,1.0
469,62,2013,ليسانس حقوق,Female,469,34,469,12,174.0,2.0,,
470,168,2013,ليسانس حقوق,Male,470,12,470,117,175.0,4.0,58.0,1.0
471,62,2013,ليسانس علوم أدارية,Female,471,34,471,12,176.0,2.0,,
472,168,2013,ليسانس علوم أدارية,Male,472,12,472,117,177.0,4.0,59.0,1.0
473,139,2014,***مكرر**دبلوم,Female,473,70,473,28,178.0,15.0,60.0,1.0
474,320,2014,***مكرر**دبلوم,Male,474,23,474,207,179.0,28.0,61.0,4.0
475,139,2014,I.G.C.S.E,Female,475,70,475,28,180.0,15.0,62.0,1.0
476,320,2014,I.G.C.S.E,Male,476,23,476,207,181.0,28.0,63.0,4.0
477,139,2014,اخرى,Female,477,70,477,28,182.0,15.0,64.0,1.0
478,320,2014,اخرى,Male,478,23,478,207,183.0,28.0,65.0,4.0
479,139,2014,بكالوريوس,Female,479,70,479,28,184.0,15.0,66.0,1.0
480,320,2014,بكالوريوس,Male,480,23,480,207,185.0,28.0,67.0,4.0
481,139,2014,بكالوريوس أداب,Female,481,70,481,28,186.0,15.0,68.0,1.0
482,320,2014,بكالوريوس أداب,Male,482,23,482,207,187.0,28.0,69.0,4.0
483,139,2014,بكالوريوس أعلام,Female,483,70,483,28,188.0,15.0,70.0,1.0
484,320,2014,بكالوريوس أعلام,Male,484,23,484,207,189.0,28.0,71.0,4.0
485,139,2014,بكالوريوس الطب والجراحة,Female,485,70,485,28,190.0,15.0,72.0,1.0
486,320,2014,بكالوريوس الطب والجراحة,Male,486,23,486,207,191.0,28.0,73.0,4.0
487,139,2014,بكالوريوس اللغة الانجليزية و ادابها,Female,487,70,487,28,192.0,15.0,74.0,1.0
488,320,2014,بكالوريوس اللغة الانجليزية و ادابها,Male,488,23,488,207,193.0,28.0,75.0,4.0
489,139,2014,بكالوريوس تجارة,Female,489,70,489,28,194.0,15.0,76.0,1.0
490,320,2014,بكالوريوس تجارة,Male,490,23,490,207,195.0,28.0,77.0,4.0
491,139,2014,بكالوريوس تربية,Female,491,70,491,28,196.0,15.0,78.0,1.0
492,320,2014,بكالوريوس تربية,Male,492,23,492,207,197.0,28.0,79.0,4.0
493,139,2014,بكالوريوس تعاون,Female,493,70,493,28,198.0,15.0,80.0,1.0
494,320,2014,بكالوريوس تعاون,Male,494,23,494,207,199.0,28.0,81.0,4.0
495,139,2014,بكالوريوس دراسات اسلامية,Female,495,70,495,28,200.0,15.0,82.0,1.0
496,320,2014,بكالوريوس دراسات اسلامية,Male,496,23,496,207,201.0,28.0,83.0,4.0
497,139,2014,بكالوريوس فنون جميلة,Female,497,70,497,28,202.0,15.0,84.0,1.0
498,320,2014,بكالوريوس فنون جميلة,Male,498,23,498,207,203.0,28.0,85.0,4.0
499,139,2014,بكالوريوس فى العلوم الطبية البيطرية,Female,499,70,499,28,204.0,15.0,86.0,1.0
500,320,2014,بكالوريوس فى العلوم الطبية البيطرية,Male,500,23,500,207,205.0,28.0,87.0,4.0
501,139,2014,بكالوريوس معهد السينما,Female,501,70,501,28,206.0,15.0,88.0,1.0
502,320,2014,بكالوريوس معهد السينما,Male,502,23,502,207,207.0,28.0,89.0,4.0
503,139,2014,بكالوريوس معهد عالى علوم أدارية,Female,503,70,503,28,208.0,15.0,90.0,1.0
504,320,2014,بكالوريوس معهد عالى علوم أدارية,Male,504,23,504,207,209.0,28.0,91.0,4.0
505,139,2014,بكالوريوس هندسة,Female,505,70,505,28,210.0,15.0,92.0,1.0
506,320,2014,بكالوريوس هندسة,Male,506,23,506,207,211.0,28.0,93.0,4.0
507,139,2014,بكالويوس فى علوم الحاسب,Female,507,70,507,28,212.0,15.0,94.0,1.0
508,320,2014,بكالويوس فى علوم الحاسب,Male,508,23,508,207,213.0,28.0,95.0,4.0
509,139,2014,ثانوى صناعى,Female,509,70,509,28,214.0,15.0,96.0,1.0
510,320,2014,ثانوى صناعى,Male,510,23,510,207,215.0,28.0,97.0,4.0
511,139,2014,ثانوية أزهرية علمى (رياضة),Female,511,70,511,28,216.0,15.0,98.0,1.0
512,320,2014,ثانوية أزهرية علمى (رياضة),Male,512,23,512,207,217.0,28.0,99.0,4.0
513,139,2014,ثانوية أنجليزية,Female,513,70,513,28,218.0,15.0,100.0,1.0
514,320,2014,ثانوية أنجليزية,Male,514,23,514,207,219.0,28.0,101.0,4.0
515,139,2014,ثانوية عامة,Female,515,70,515,28,220.0,15.0,102.0,1.0
516,320,2014,ثانوية عامة,Male,516,23,516,207,221.0,28.0,103.0,4.0
517,139,2014,ثانوية عامة (أدبى),Female,517,70,517,28,222.0,15.0,104.0,1.0
518,320,2014,ثانوية عامة (أدبى),Male,518,23,518,207,223.0,28.0,105.0,4.0
519,139,2014,ثانوية عامة (لايوجد مستخرج او صورة للشهادة),Female,519,70,519,28,224.0,15.0,106.0,1.0
520,320,2014,ثانوية عامة (لايوجد مستخرج او صورة للشهادة),Male,520,23,520,207,225.0,28.0,107.0,4.0
521,139,2014,ثانوية عامة (متأدب),Female,521,70,521,28,226.0,15.0,108.0,1.0
522,320,2014,ثانوية عامة (متأدب),Male,522,23,522,207,227.0,28.0,109.0,4.0
523,139,2014,ثانوية عامة - غير موثقة من الخارجية,Female,523,70,523,28,228.0,15.0,110.0,1.0
524,320,2014,ثانوية عامة - غير موثقة من الخارجية,Male,524,23,524,207,229.0,28.0,111.0,4.0
525,139,2014,ثانوية عامة أزهرية ( أدبى),Female,525,70,525,28,230.0,15.0,112.0,1.0
526,320,2014,ثانوية عامة أزهرية ( أدبى),Male,526,23,526,207,231.0,28.0,113.0,4.0
527,139,2014,ثانوية عامة أزهرية ( علمى),Female,527,70,527,28,232.0,15.0,114.0,1.0
528,320,2014,ثانوية عامة أزهرية ( علمى),Male,528,23,528,207,233.0,28.0,115.0,4.0
529,139,2014,ثانوية عامة علمى (رياضة),Female,529,70,529,28,234.0,15.0,116.0,1.0
530,320,2014,ثانوية عامة علمى (رياضة),Male,530,23,530,207,235.0,28.0,117.0,4.0
531,139,2014,ثانوية عامة علمى (علوم),Female,531,70,531,28,236.0,15.0,118.0,1.0
532,320,2014,ثانوية عامة علمى (علوم),Male,532,23,532,207,237.0,28.0,119.0,4.0
533,139,2014,ثانوية عامة علمي - قديم,Female,533,70,533,28,238.0,15.0,120.0,1.0
534,320,2014,ثانوية عامة علمي - قديم,Male,534,23,534,207,239.0,28.0,121.0,4.0
535,139,2014,ثانوية فندقية,Female,535,70,535,28,240.0,15.0,122.0,1.0
536,320,2014,ثانوية فندقية,Male,536,23,536,207,241.0,28.0,123.0,4.0
537,139,2014,ثانوية فنية تجارية,Female,537,70,537,28,242.0,15.0,124.0,1.0
538,320,2014,ثانوية فنية تجارية,Male,538,23,538,207,243.0,28.0,125.0,4.0
539,139,2014,ثانوية فنية زراعية,Female,539,70,539,28,244.0,15.0,126.0,1.0
540,320,2014,ثانوية فنية زراعية,Male,540,23,540,207,245.0,28.0,127.0,4.0
541,139,2014,ثانوية معادلة عربية,Female,541,70,541,28,246.0,15.0,128.0,1.0
542,320,2014,ثانوية معادلة عربية,Male,542,23,542,207,247.0,28.0,129.0,4.0
543,139,2014,ثانوية معادلة عربية  (علمى),Female,543,70,543,28,248.0,15.0,130.0,1.0
544,320,2014,ثانوية معادلة عربية  (علمى),Male,544,23,544,207,249.0,28.0,131.0,4.0
545,139,2014,ثانوية معادلة عربية (أدبى),Female,545,70,545,28,250.0,15.0,132.0,1.0
546,320,2014,ثانوية معادلة عربية (أدبى),Male,546,23,546,207,251.0,28.0,133.0,4.0
547,139,2014,ثانوية معادلة عربية (تجارى),Female,547,70,547,28,252.0,15.0,134.0,1.0
548,320,2014,ثانوية معادلة عربية (تجارى),Male,548,23,548,207,253.0,28.0,135.0,4.0
549,139,2014,ثانوية معادلة عربية (صناعى) بنظام 5  سنوات,Female,549,70,549,28,254.0,15.0,136.0,1.0
550,320,2014,ثانوية معادلة عربية (صناعى) بنظام 5  سنوات,Male,550,23,550,207,255.0,28.0,137.0,4.0
551,139,2014,دبلوم تلمذة صناعية,Female,551,70,551,28,256.0,15.0,138.0,1.0
552,320,2014,دبلوم تلمذة صناعية,Male,552,23,552,207,257.0,28.0,139.0,4.0
553,139,2014,دبلوم دراسات عليا فى الحاسبات,Female,553,70,553,28,258.0,15.0,140.0,1.0
554,320,2014,دبلوم دراسات عليا فى الحاسبات,Male,554,23,554,207,259.0,28.0,141.0,4.0
555,139,2014,دبلوم صنايع - شعبة حاسب الي بنظام 5 سنوات,Female,555,70,555,28,260.0,15.0,142.0,1.0
556,320,2014,دبلوم صنايع - شعبة حاسب الي بنظام 5 سنوات,Male,556,23,556,207,261.0,28.0,143.0,4.0
557,139,2014,دبلوم فندقى,Female,557,70,557,28,262.0,15.0,144.0,1.0
558,320,2014,دبلوم فندقى,Male,558,23,558,207,263.0,28.0,145.0,4.0
559,139,2014,دبلوم مدارس ثانوية فنية صناعية,Female,559,70,559,28,264.0,15.0,146.0,1.0
560,320,2014,دبلوم مدارس ثانوية فنية صناعية,Male,560,23,560,207,265.0,28.0,147.0,4.0
561,139,2014,دبلوم مدارس ثانوية فنية للأدارة  والخدمات,Female,561,70,561,28,266.0,15.0,148.0,1.0
562,320,2014,دبلوم مدارس ثانوية فنية للأدارة  والخدمات,Male,562,23,562,207,267.0,28.0,149.0,4.0
563,139,2014,دبلوم معاهد صناعية,Female,563,70,563,28,268.0,15.0,150.0,1.0
564,320,2014,دبلوم معاهد صناعية,Male,564,23,564,207,269.0,28.0,151.0,4.0
565,139,2014,دبلوم معاهد فوق المتوسط,Female,565,70,565,28,270.0,15.0,152.0,1.0
566,320,2014,دبلوم معاهد فوق المتوسط,Male,566,23,566,207,271.0,28.0,153.0,4.0
567,139,2014,دبلومة امريكية - تعهد بأحضار السات,Female,567,70,567,28,272.0,15.0,154.0,1.0
568,320,2014,دبلومة امريكية - تعهد بأحضار السات,Male,568,23,568,207,273.0,28.0,155.0,4.0
569,139,2014,دبلومة امريكية - جديد,Female,569,70,569,28,274.0,15.0,156.0,1.0
570,320,2014,دبلومة امريكية - جديد,Male,570,23,570,207,275.0,28.0,157.0,4.0
571,139,2014,دبلومة امريكية - قديم,Female,571,70,571,28,276.0,15.0,158.0,1.0
572,320,2014,دبلومة امريكية - قديم,Male,572,23,572,207,277.0,28.0,159.0,4.0
573,139,2014,دكتوراة فى الهندسة المعمارية,Female,573,70,573,28,278.0,15.0,160.0,1.0
574,320,2014,دكتوراة فى الهندسة المعمارية,Male,574,23,574,207,279.0,28.0,161.0,4.0
575,139,2014,سات 2,Female,575,70,575,28,280.0,15.0,162.0,1.0
576,320,2014,سات 2,Male,576,23,576,207,281.0,28.0,163.0,4.0
577,139,2014,سياحه وفنادق- إدارة وخدمات,Female,577,70,577,28,282.0,15.0,164.0,1.0
578,320,2014,سياحه وفنادق- إدارة وخدمات,Male,578,23,578,207,283.0,28.0,165.0,4.0
579,139,2014,شهادة أجنبية,Female,579,70,579,28,284.0,15.0,166.0,1.0
580,320,2014,شهادة أجنبية,Male,580,23,580,207,285.0,28.0,167.0,4.0
581,139,2014,غير معرف,Female,581,70,581,28,286.0,15.0,168.0,1.0
582,320,2014,غير معرف,Male,582,23,582,207,287.0,28.0,169.0,4.0
583,139,2014,ليسانس أداب,Female,583,70,583,28,288.0,15.0,170.0,1.0
584,320,2014,ليسانس أداب,Male,584,23,584,207,289.0,28.0,171.0,4.0
585,139,2014,ليسانس ألسن,Female,585,70,585,28,290.0,15.0,172.0,1.0
586,320,2014,ليسانس ألسن,Male,586,23,586,207,291.0,28.0,173.0,4.0
587,139,2014,ليسانس حقوق,Female,587,70,587,28,292.0,15.0,174.0,1.0
588,320,2014,ليسانس حقوق,Male,588,23,588,207,293.0,28.0,175.0,4.0
589,139,2014,ليسانس علوم أدارية,Female,589,70,589,28,294.0,15.0,176.0,1.0
590,320,2014,ليسانس علوم أدارية,Male,590,23,590,207,295.0,28.0,177.0,4.0
591,126,2015,***مكرر**دبلوم,Female,591,78,591,33,296.0,28.0,178.0,7.0
592,259,2015,***مكرر**دبلوم,Male,592,24,592,154,297.0,58.0,179.0,10.0
593,126,2015,I.G.C.S.E,Female,593,78,593,33,298.0,28.0,180.0,7.0
594,259,2015,I.G.C.S.E,Male,594,24,594,154,299.0,58.0,181.0,10.0
595,126,2015,اخرى,Female,595,78,595,33,300.0,28.0,182.0,7.0
596,259,2015,اخرى,Male,596,24,596,154,301.0,58.0,183.0,10.0
597,126,2015,بكالوريوس,Female,597,78,597,33,302.0,28.0,184.0,7.0
598,259,2015,بكالوريوس,Male,598,24,598,154,303.0,58.0,185.0,10.0
599,126,2015,بكالوريوس أداب,Female,599,78,599,33,304.0,28.0,186.0,7.0
600,259,2015,بكالوريوس أداب,Male,600,24,600,154,305.0,58.0,187.0,10.0
601,126,2015,بكالوريوس أعلام,Female,601,78,601,33,306.0,28.0,188.0,7.0
602,259,2015,بكالوريوس أعلام,Male,602,24,602,154,307.0,58.0,189.0,10.0
603,126,2015,بكالوريوس الطب والجراحة,Female,603,78,603,33,308.0,28.0,190.0,7.0
604,259,2015,بكالوريوس الطب والجراحة,Male,604,24,604,154,309.0,58.0,191.0,10.0
605,126,2015,بكالوريوس اللغة الانجليزية و ادابها,Female,605,78,605,33,310.0,28.0,192.0,7.0
606,259,2015,بكالوريوس اللغة الانجليزية و ادابها,Male,606,24,606,154,311.0,58.0,193.0,10.0
607,126,2015,بكالوريوس تجارة,Female,607,78,607,33,312.0,28.0,194.0,7.0
608,259,2015,بكالوريوس تجارة,Male,608,24,608,154,313.0,58.0,195.0,10.0
609,126,2015,بكالوريوس تربية,Female,609,78,609,33,314.0,28.0,196.0,7.0
610,259,2015,بكالوريوس تربية,Male,610,24,610,154,315.0,58.0,197.0,10.0
611,126,2015,بكالوريوس تعاون,Female,611,78,611,33,316.0,28.0,198.0,7.0
612,259,2015,بكالوريوس تعاون,Male,612,24,612,154,317.0,58.0,199.0,10.0
613,126,2015,بكالوريوس دراسات اسلامية,Female,613,78,613,33,318.0,28.0,200.0,7.0
614,259,2015,بكالوريوس دراسات اسلامية,Male,614,24,614,154,319.0,58.0,201.0,10.0
615,126,2015,بكالوريوس فنون جميلة,Female,615,78,615,33,320.0,28.0,202.0,7.0
616,259,2015,بكالوريوس فنون جميلة,Male,616,24,616,154,321.0,58.0,203.0,10.0
617,126,2015,بكالوريوس فى العلوم الطبية البيطرية,Female,617,78,617,33,322.0,28.0,204.0,7.0
618,259,2015,بكالوريوس فى العلوم الطبية البيطرية,Male,618,24,618,154,323.0,58.0,205.0,10.0
619,126,2015,بكالوريوس معهد السينما,Female,619,78,619,33,324.0,28.0,206.0,7.0
620,259,2015,بكالوريوس معهد السينما,Male,620,24,620,154,325.0,58.0,207.0,10.0
621,126,2015,بكالوريوس معهد عالى علوم أدارية,Female,621,78,621,33,326.0,28.0,208.0,7.0
622,259,2015,بكالوريوس معهد عالى علوم أدارية,Male,622,24,622,154,327.0,58.0,209.0,10.0
623,126,2015,بكالوريوس هندسة,Female,623,78,623,33,328.0,28.0,210.0,7.0
624,259,2015,بكالوريوس هندسة,Male,624,24,624,154,329.0,58.0,211.0,10.0
625,126,2015,بكالويوس فى علوم الحاسب,Female,625,78,625,33,330.0,28.0,212.0,7.0
626,259,2015,بكالويوس فى علوم الحاسب,Male,626,24,626,154,331.0,58.0,213.0,10.0
627,126,2015,ثانوى صناعى,Female,627,78,627,33,332.0,28.0,214.0,7.0
628,259,2015,ثانوى صناعى,Male,628,24,628,154,333.0,58.0,215.0,10.0
629,126,2015,ثانوية أزهرية علمى (رياضة),Female,629,78,629,33,334.0,28.0,216.0,7.0
630,259,2015,ثانوية أزهرية علمى (رياضة),Male,630,24,630,154,335.0,58.0,217.0,10.0
631,126,2015,ثانوية أنجليزية,Female,631,78,631,33,336.0,28.0,218.0,7.0
632,259,2015,ثانوية أنجليزية,Male,632,24,632,154,337.0,58.0,219.0,10.0
633,126,2015,ثانوية عامة,Female,633,78,633,33,338.0,28.0,220.0,7.0
634,259,2015,ثانوية عامة,Male,634,24,634,154,339.0,58.0,221.0,10.0
635,126,2015,ثانوية عامة (أدبى),Female,635,78,635,33,340.0,28.0,222.0,7.0
636,259,2015,ثانوية عامة (أدبى),Male,636,24,636,154,341.0,58.0,223.0,10.0
637,126,2015,ثانوية عامة (لايوجد مستخرج او صورة للشهادة),Female,637,78,637,33,342.0,28.0,224.0,7.0
638,259,2015,ثانوية عامة (لايوجد مستخرج او صورة للشهادة),Male,638,24,638,154,343.0,58.0,225.0,10.0
639,126,2015,ثانوية عامة (متأدب),Female,639,78,639,33,344.0,28.0,226.0,7.0
640,259,2015,ثانوية عامة (متأدب),Male,640,24,640,154,345.0,58.0,227.0,10.0
641,126,2015,ثانوية عامة - غير موثقة من الخارجية,Female,641,78,641,33,346.0,28.0,228.0,7.0
642,259,2015,ثانوية عامة - غير موثقة من الخارجية,Male,642,24,642,154,347.0,58.0,229.0,10.0
643,126,2015,ثانوية عامة أزهرية ( أدبى),Female,643,78,643,33,348.0,28.0,230.0,7.0
644,259,2015,ثانوية عامة أزهرية ( أدبى),Male,644,24,644,154,349.0,58.0,231.0,10.0
645,126,2015,ثانوية عامة أزهرية ( علمى),Female,645,78,645,33,350.0,28.0,232.0,7.0
646,259,2015,ثانوية عامة أزهرية ( علمى),Male,646,24,646,154,351.0,58.0,233.0,10.0
647,126,2015,ثانوية عامة علمى (رياضة),Female,647,78,647,33,352.0,28.0,234.0,7.0
648,259,2015,ثانوية عامة علمى (رياضة),Male,648,24,648,154,353.0,58.0,235.0,10.0
649,126,2015,ثانوية عامة علمى (علوم),Female,649,78,649,33,354.0,28.0,236.0,7.0
650,259,2015,ثانوية عامة علمى (علوم),Male,650,24,650,154,355.0,58.0,237.0,10.0
651,126,2015,ثانوية عامة علمي - قديم,Female,651,78,651,33,356.0,28.0,238.0,7.0
652,259,2015,ثانوية عامة علمي - قديم,Male,652,24,652,154,357.0,58.0,239.0,10.0
653,126,2015,ثانوية فندقية,Female,653,78,653,33,358.0,28.0,240.0,7.0
654,259,2015,ثانوية فندقية,Male,654,24,654,154,359.0,58.0,241.0,10.0
655,126,2015,ثانوية فنية تجارية,Female,655,78,655,33,360.0,28.0,242.0,7.0
656,259,2015,ثانوية فنية تجارية,Male,656,24,656,154,361.0,58.0,243.0,10.0
657,126,2015,ثانوية فنية زراعية,Female,657,78,657,33,362.0,28.0,244.0,7.0
658,259,2015,ثانوية فنية زراعية,Male,658,24,658,154,363.0,58.0,245.0,10.0
659,126,2015,ثانوية معادلة عربية,Female,659,78,659,33,364.0,28.0,246.0,7.0
660,259,2015,ثانوية معادلة عربية,Male,660,24,660,154,365.0,58.0,247.0,10.0
661,126,2015,ثانوية معادلة عربية  (علمى),Female,661,78,661,33,366.0,28.0,248.0,7.0
662,259,2015,ثانوية معادلة عربية  (علمى),Male,662,24,662,154,367.0,58.0,249.0,10.0
663,126,2015,ثانوية معادلة عربية (أدبى),Female,663,78,663,33,368.0,28.0,250.0,7.0
664,259,2015,ثانوية معادلة عربية (أدبى),Male,664,24,664,154,369.0,58.0,251.0,10.0
665,126,2015,ثانوية معادلة عربية (تجارى),Female,665,78,665,33,370.0,28.0,252.0,7.0
666,259,2015,ثانوية معادلة عربية (تجارى),Male,666,24,666,154,371.0,58.0,253.0,10.0
667,126,2015,ثانوية معادلة عربية (صناعى) بنظام 5  سنوات,Female,667,78,667,33,372.0,28.0,254.0,7.0
668,259,2015,ثانوية معادلة عربية (صناعى) بنظام 5  سنوات,Male,668,24,668,154,373.0,58.0,255.0,10.0
669,126,2015,دبلوم تلمذة صناعية,Female,669,78,669,33,374.0,28.0,256.0,7.0
670,259,2015,دبلوم تلمذة صناعية,Male,670,24,670,154,375.0,58.0,257.0,10.0
671,126,2015,دبلوم دراسات عليا فى الحاسبات,Female,671,78,671,33,376.0,28.0,258.0,7.0
672,259,2015,دبلوم دراسات عليا فى الحاسبات,Male,672,24,672,154,377.0,58.0,259.0,10.0
673,126,2015,دبلوم صنايع - شعبة حاسب الي بنظام 5 سنوات,Female,673,78,673,33,378.0,28.0,260.0,7.0
674,259,2015,دبلوم صنايع - شعبة حاسب الي بنظام 5 سنوات,Male,674,24,674,154,379.0,58.0,261.0,10.0
675,126,2015,دبلوم فندقى,Female,675,78,675,33,380.0,28.0,262.0,7.0
676,259,2015,دبلوم فندقى,Male,676,24,676,154,381.0,58.0,263.0,10.0
677,126,2015,دبلوم مدارس ثانوية فنية صناعية,Female,677,78,677,33,382.0,28.0,264.0,7.0
678,259,2015,دبلوم مدارس ثانوية فنية صناعية,Male,678,24,678,154,383.0,58.0,265.0,10.0
679,126,2015,دبلوم مدارس ثانوية فنية للأدارة  والخدمات,Female,679,78,679,33,384.0,28.0,266.0,7.0
680,259,2015,دبلوم مدارس ثانوية فنية للأدارة  والخدمات,Male,680,24,680,154,385.0,58.0,267.0,10.0
681,126,2015,دبلوم معاهد صناعية,Female,681,78,681,33,386.0,28.0,268.0,7.0
682,259,2015,دبلوم معاهد صناعية,Male,682,24,682,154,387.0,58.0,269.0,10.0
683,126,2015,دبلوم معاهد فوق المتوسط,Female,683,78,683,33,388.0,28.0,270.0,7.0
684,259,2015,دبلوم معاهد فوق المتوسط,Male,684,24,684,154,389.0,58.0,271.0,10.0
685,126,2015,دبلومة امريكية - تعهد بأحضار السات,Female,685,78,685,33,390.0,28.0,272.0,7.0
686,259,2015,دبلومة امريكية - تعهد بأحضار السات,Male,686,24,686,154,391.0,58.0,273.0,10.0
687,126,2015,دبلومة امريكية - جديد,Female,687,78,687,33,392.0,28.0,274.0,7.0
688,259,2015,دبلومة امريكية - جديد,Male,688,24,688,154,393.0,58.0,275.0,10.0
689,126,2015,دبلومة امريكية - قديم,Female,689,78,689,33,394.0,28.0,276.0,7.0
690,259,2015,دبلومة امريكية - قديم,Male,690,24,690,154,395.0,58.0,277.0,10.0
691,126,2015,دكتوراة فى الهندسة المعمارية,Female,691,78,691,33,396.0,28.0,278.0,7.0
692,259,2015,دكتوراة فى الهندسة المعمارية,Male,692,24,692,154,397.0,58.0,279.0,10.0
693,126,2015,سات 2,Female,693,78,693,33,398.0,28.0,280.0,7.0
694,259,2015,سات 2,Male,694,24,694,154,399.0,58.0,281.0,10.0
695,126,2015,سياحه وفنادق- إدارة وخدمات,Female,695,78,695,33,400.0,28.0,282.0,7.0
696,259,2015,سياحه وفنادق- إدارة وخدمات,Male,696,24,696,154,401.0,58.0,283.0,10.0
697,126,2015,شهادة أجنبية,Female,697,78,697,33,402.0,28.0,284.0,7.0
698,259,2015,شهادة أجنبية,Male,698,24,698,154,403.0,58.0,285.0,10.0
699,126,2015,غير معرف,Female,699,78,699,33,404.0,28.0,286.0,7.0
700,259,2015,غير معرف,Male,700,24,700,154,405.0,58.0,287.0,10.0
701,126,2015,ليسانس أداب,Female,701,78,701,33,406.0,28.0,288.0,7.0
702,259,2015,ليسانس أداب,Male,702,24,702,154,407.0,58.0,289.0,10.0
703,126,2015,ليسانس ألسن,Female,703,78,703,33,408.0,28.0,290.0,7.0
704,259,2015,ليسانس ألسن,Male,704,24,704,154,409.0,58.0,291.0,10.0
705,126,2015,ليسانس حقوق,Female,705,78,705,33,410.0,28.0,292.0,7.0
706,259,2015,ليسانس حقوق,Male,706,24,706,154,411.0,58.0,293.0,10.0
707,126,2015,ليسانس علوم أدارية,Female,707,78,707,33,412.0,28.0,294.0,7.0
708,259,2015,ليسانس علوم أدارية,Male,708,24,708,154,413.0,58.0,295.0,10.0
709,91,2016,***مكرر**دبلوم,Female,709,52,709,34,414.0,110.0,296.0,11.0
710,241,2016,***مكرر**دبلوم,Male,710,23,710,147,415.0,152.0,297.0,40.0
711,91,2016,I.G.C.S.E,Female,711,52,711,34,416.0,110.0,298.0,11.0
712,241,2016,I.G.C.S.E,Male,712,23,712,147,417.0,152.0,299.0,40.0
713,91,2016,اخرى,Female,713,52,713,34,418.0,110.0,300.0,11.0
714,241,2016,اخرى,Male,714,23,714,147,419.0,152.0,301.0,40.0
715,91,2016,بكالوريوس,Female,715,52,715,34,420.0,110.0,302.0,11.0
716,241,2016,بكالوريوس,Male,716,23,716,147,421.0,152.0,303.0,40.0
717,91,2016,بكالوريوس أداب,Female,717,52,717,34,422.0,110.0,304.0,11.0
718,241,2016,بكالوريوس أداب,Male,718,23,718,147,423.0,152.0,305.0,40.0
719,91,2016,بكالوريوس أعلام,Female,719,52,719,34,424.0,110.0,306.0,11.0
720,241,2016,بكالوريوس أعلام,Male,720,23,720,147,425.0,152.0,307.0,40.0
721,91,2016,بكالوريوس الطب والجراحة,Female,721,52,721,34,426.0,110.0,308.0,11.0
722,241,2016,بكالوريوس الطب والجراحة,Male,722,23,722,147,427.0,152.0,309.0,40.0
723,91,2016,بكالوريوس اللغة الانجليزية و ادابها,Female,723,52,723,34,428.0,110.0,310.0,11.0
724,241,2016,بكالوريوس اللغة الانجليزية و ادابها,Male,724,23,724,147,429.0,152.0,311.0,40.0
725,91,2016,بكالوريوس تجارة,Female,725,52,725,34,430.0,110.0,312.0,11.0
726,241,2016,بكالوريوس تجارة,Male,726,23,726,147,431.0,152.0,313.0,40.0
727,91,2016,بكالوريوس تربية,Female,727,52,727,34,432.0,110.0,314.0,11.0
728,241,2016,بكالوريوس تربية,Male,728,23,728,147,433.0,152.0,315.0,40.0
729,91,2016,بكالوريوس تعاون,Female,729,52,729,34,434.0,110.0,316.0,11.0
730,241,2016,بكالوريوس تعاون,Male,730,23,730,147,435.0,152.0,317.0,40.0
731,91,2016,بكالوريوس دراسات اسلامية,Female,731,52,731,34,436.0,110.0,318.0,11.0
732,241,2016,بكالوريوس دراسات اسلامية,Male,732,23,732,147,437.0,152.0,319.0,40.0
733,91,2016,بكالوريوس فنون جميلة,Female,733,52,733,34,438.0,110.0,320.0,11.0
734,241,2016,بكالوريوس فنون جميلة,Male,734,23,734,147,439.0,152.0,321.0,40.0
735,91,2016,بكالوريوس فى العلوم الطبية البيطرية,Female,735,52,735,34,440.0,110.0,322.0,11.0
736,241,2016,بكالوريوس فى العلوم الطبية البيطرية,Male,736,23,736,147,441.0,152.0,323.0,40.0
737,91,2016,بكالوريوس معهد السينما,Female,737,52,737,34,442.0,110.0,324.0,11.0
738,241,2016,بكالوريوس معهد السينما,Male,738,23,738,147,443.0,152.0,325.0,40.0
739,91,2016,بكالوريوس معهد عالى علوم أدارية,Female,739,52,739,34,444.0,110.0,326.0,11.0
740,241,2016,بكالوريوس معهد عالى علوم أدارية,Male,740,23,740,147,445.0,152.0,327.0,40.0
741,91,2016,بكالوريوس هندسة,Female,741,52,741,34,446.0,110.0,328.0,11.0
742,241,2016,بكالوريوس هندسة,Male,742,23,742,147,447.0,152.0,329.0,40.0
743,91,2016,بكالويوس فى علوم الحاسب,Female,743,52,743,34,448.0,110.0,330.0,11.0
744,241,2016,بكالويوس فى علوم الحاسب,Male,744,23,744,147,449.0,152.0,331.0,40.0
745,91,2016,ثانوى صناعى,Female,745,52,745,34,450.0,110.0,332.0,11.0
746,241,2016,ثانوى صناعى,Male,746,23,746,147,451.0,152.0,333.0,40.0
747,91,2016,ثانوية أزهرية علمى (رياضة),Female,747,52,747,34,452.0,110.0,334.0,11.0
748,241,2016,ثانوية أزهرية علمى (رياضة),Male,748,23,748,147,453.0,152.0,335.0,40.0
749,91,2016,ثانوية أنجليزية,Female,749,52,749,34,454.0,110.0,336.0,11.0
750,241,2016,ثانوية أنجليزية,Male,750,23,750,147,455.0,152.0,337.0,40.0
751,91,2016,ثانوية عامة,Female,751,52,751,34,456.0,110.0,338.0,11.0
752,241,2016,ثانوية عامة,Male,752,23,752,147,457.0,152.0,339.0,40.0
753,91,2016,ثانوية عامة (أدبى),Female,753,52,753,34,458.0,110.0,340.0,11.0
754,241,2016,ثانوية عامة (أدبى),Male,754,23,754,147,459.0,152.0,341.0,40.0
755,91,2016,ثانوية عامة (لايوجد مستخرج او صورة للشهادة),Female,755,52,755,34,460.0,110.0,342.0,11.0
756,241,2016,ثانوية عامة (لايوجد مستخرج او صورة للشهادة),Male,756,23,756,147,461.0,152.0,343.0,40.0
757,91,2016,ثانوية عامة (متأدب),Female,757,52,757,34,462.0,110.0,344.0,11.0
758,241,2016,ثانوية عامة (متأدب),Male,758,23,758,147,463.0,152.0,345.0,40.0
759,91,2016,ثانوية عامة - غير موثقة من الخارجية,Female,759,52,759,34,464.0,110.0,346.0,11.0
760,241,2016,ثانوية عامة - غير موثقة من الخارجية,Male,760,23,760,147,465.0,152.0,347.0,40.0
761,91,2016,ثانوية عامة أزهرية ( أدبى),Female,761,52,761,34,466.0,110.0,348.0,11.0
762,241,2016,ثانوية عامة أزهرية ( أدبى),Male,762,23,762,147,467.0,152.0,349.0,40.0
763,91,2016,ثانوية عامة أزهرية ( علمى),Female,763,52,763,34,468.0,110.0,350.0,11.0
764,241,2016,ثانوية عامة أزهرية ( علمى),Male,764,23,764,147,469.0,152.0,351.0,40.0
765,91,2016,ثانوية عامة علمى (رياضة),Female,765,52,765,34,470.0,110.0,352.0,11.0
766,241,2016,ثانوية عامة علمى (رياضة),Male,766,23,766,147,471.0,152.0,353.0,40.0
767,91,2016,ثانوية عامة علمى (علوم),Female,767,52,767,34,472.0,110.0,354.0,11.0
768,241,2016,ثانوية عامة علمى (علوم),Male,768,23,768,147,473.0,152.0,355.0,40.0
769,91,2016,ثانوية عامة علمي - قديم,Female,769,52,769,34,474.0,110.0,356.0,11.0
770,241,2016,ثانوية عامة علمي - قديم,Male,770,23,770,147,475.0,152.0,357.0,40.0
771,91,2016,ثانوية فندقية,Female,771,52,771,34,476.0,110.0,358.0,11.0
772,241,2016,ثانوية فندقية,Male,772,23,772,147,477.0,152.0,359.0,40.0
773,91,2016,ثانوية فنية تجارية,Female,773,52,773,34,478.0,110.0,360.0,11.0
774,241,2016,ثانوية فنية تجارية,Male,774,23,774,147,479.0,152.0,361.0,40.0
775,91,2016,ثانوية فنية زراعية,Female,775,52,775,34,480.0,110.0,362.0,11.0
776,241,2016,ثانوية فنية زراعية,Male,776,23,776,147,481.0,152.0,363.0,40.0
777,91,2016,ثانوية معادلة عربية,Female,777,52,777,34,482.0,110.0,364.0,11.0
778,241,2016,ثانوية معادلة عربية,Male,778,23,778,147,483.0,152.0,365.0,40.0
779,91,2016,ثانوية معادلة عربية  (علمى),Female,779,52,779,34,484.0,110.0,366.0,11.0
780,241,2016,ثانوية معادلة عربية  (علمى),Male,780,23,780,147,485.0,152.0,367.0,40.0
781,91,2016,ثانوية معادلة عربية (أدبى),Female,781,52,781,34,486.0,110.0,368.0,11.0
782,241,2016,ثانوية معادلة عربية (أدبى),Male,782,23,782,147,487.0,152.0,369.0,40.0
783,91,2016,ثانوية معادلة عربية (تجارى),Female,783,52,783,34,488.0,110.0,370.0,11.0
784,241,2016,ثانوية معادلة عربية (تجارى),Male,784,23,784,147,489.0,152.0,371.0,40.0
785,91,2016,ثانوية معادلة عربية (صناعى) بنظام 5  سنوات,Female,785,52,785,34,490.0,110.0,372.0,11.0
786,241,2016,ثانوية معادلة عربية (صناعى) بنظام 5  سنوات,Male,786,23,786,147,491.0,152.0,373.0,40.0
787,91,2016,دبلوم تلمذة صناعية,Female,787,52,787,34,492.0,110.0,374.0,11.0
788,241,2016,دبلوم تلمذة صناعية,Male,788,23,788,147,493.0,152.0,375.0,40.0
789,91,2016,دبلوم دراسات عليا فى الحاسبات,Female,789,52,789,34,494.0,110.0,376.0,11.0
790,241,2016,دبلوم دراسات عليا فى الحاسبات,Male,790,23,790,147,495.0,152.0,377.0,40.0
791,91,2016,دبلوم صنايع - شعبة حاسب الي بنظام 5 سنوات,Female,791,52,791,34,496.0,110.0,378.0,11.0
792,241,2016,دبلوم صنايع - شعبة حاسب الي بنظام 5 سنوات,Male,792,23,792,147,497.0,152.0,379.0,40.0
793,91,2016,دبلوم فندقى,Female,793,52,793,34,498.0,110.0,380.0,11.0
794,241,2016,دبلوم فندقى,Male,794,23,794,147,499.0,152.0,381.0,40.0
795,91,2016,دبلوم مدارس ثانوية فنية صناعية,Female,795,52,795,34,500.0,110.0,382.0,11.0
796,241,2016,دبلوم مدارس ثانوية فنية صناعية,Male,796,23,796,147,501.0,152.0,383.0,40.0
797,91,2016,دبلوم مدارس ثانوية فنية للأدارة  والخدمات,Female,797,52,797,34,502.0,110.0,384.0,11.0
798,241,2016,دبلوم مدارس ثانوية فنية للأدارة  والخدمات,Male,798,23,798,147,503.0,152.0,385.0,40.0
799,91,2016,دبلوم معاهد صناعية,Female,799,52,799,34,504.0,110.0,386.0,11.0
800,241,2016,دبلوم معاهد صناعية,Male,800,23,800,147,505.0,152.0,387.0,40.0
801,91,2016,دبلوم معاهد فوق المتوسط,Female,801,52,801,34,506.0,110.0,388.0,11.0
802,241,2016,دبلوم معاهد فوق المتوسط,Male,802,23,802,147,507.0,152.0,389.0,40.0
803,91,2016,دبلومة امريكية - تعهد بأحضار السات,Female,803,52,803,34,508.0,110.0,390.0,11.0
804,241,2016,دبلومة امريكية - تعهد بأحضار السات,Male,804,23,804,147,509.0,152.0,391.0,40.0
805,91,2016,دبلومة امريكية - جديد,Female,805,52,805,34,510.0,110.0,392.0,11.0
806,241,2016,دبلومة امريكية - جديد,Male,806,23,806,147,511.0,152.0,393.0,40.0
807,91,2016,دبلومة امريكية - قديم,Female,807,52,807,34,512.0,110.0,394.0,11.0
808,241,2016,دبلومة امريكية - قديم,Male,808,23,808,147,513.0,152.0,395.0,40.0
809,91,2016,دكتوراة فى الهندسة المعمارية,Female,809,52,809,34,514.0,110.0,396.0,11.0
810,241,2016,دكتوراة فى الهندسة المعمارية,Male,810,23,810,147,515.0,152.0,397.0,40.0
811,91,2016,سات 2,Female,811,52,811,34,516.0,110.0,398.0,11.0
812,241,2016,سات 2,Male,812,23,812,147,517.0,152.0,399.0,40.0
813,91,2016,سياحه وفنادق- إدارة وخدمات,Female,813,52,813,34,518.0,110.0,400.0,11.0
814,241,2016,سياحه وفنادق- إدارة وخدمات,Male,814,23,814,147,519.0,152.0,401.0,40.0
815,91,2016,شهادة أجنبية,Female,815,52,815,34,520.0,110.0,402.0,11.0
816,241,2016,شهادة أجنبية,Male,816,23,816,147,521.0,152.0,403.0,40.0
817,91,2016,غير معرف,Female,817,52,817,34,522.0,110.0,404.0,11.0
818,241,2016,غير معرف,Male,818,23,818,147,523.0,152.0,405.0,40.0
819,91,2016,ليسانس أداب,Female,819,52,819,34,524.0,110.0,406.0,11.0
820,241,2016,ليسانس أداب,Male,820,23,820,147,525.0,152.0,407.0,40.0
821,91,2016,ليسانس ألسن,Female,821,52,821,34,526.0,110.0,408.0,11.0
822,241,2016,ليسانس ألسن,Male,822,23,822,147,527.0,152.0,409.0,40.0
823,91,2016,ليسانس حقوق,Female,823,52,823,34,528.0,110.0,410.0,11.0
824,241,2016,ليسانس حقوق,Male,824,23,824,147,529.0,152.0,411.0,40.0
825,91,2016,ليسانس علوم أدارية,Female,825,52,825,34,530.0,110.0,412.0,11.0
826,241,2016,ليسانس علوم أدارية,Male,826,23,826,147,531.0,152.0,413.0,40.0
827,72,2017,***مكرر**دبلوم,Female,827,68,827,35,532.0,159.0,414.0,15.0
828,195,2017,***مكرر**دبلوم,Male,828,29,828,139,533.0,170.0,415.0,35.0
829,72,2017,I.G.C.S.E,Female,829,68,829,35,534.0,159.0,416.0,15.0
830,195,2017,I.G.C.S.E,Male,830,29,830,139,535.0,170.0,417.0,35.0
831,72,2017,اخرى,Female,831,68,831,35,536.0,159.0,418.0,15.0
832,195,2017,اخرى,Male,832,29,832,139,537.0,170.0,419.0,35.0
833,72,2017,بكالوريوس,Female,833,68,833,35,538.0,159.0,420.0,15.0
834,195,2017,بكالوريوس,Male,834,29,834,139,539.0,170.0,421.0,35.0
835,72,2017,بكالوريوس أداب,Female,835,68,835,35,540.0,159.0,422.0,15.0
836,195,2017,بكالوريوس أداب,Male,836,29,836,139,541.0,170.0,423.0,35.0
837,72,2017,بكالوريوس أعلام,Female,837,68,837,35,542.0,159.0,424.0,15.0
838,195,2017,بكالوريوس أعلام,Male,838,29,838,139,543.0,170.0,425.0,35.0
839,72,2017,بكالوريوس الطب والجراحة,Female,839,68,839,35,544.0,159.0,426.0,15.0
840,195,2017,بكالوريوس الطب والجراحة,Male,840,29,840,139,545.0,170.0,427.0,35.0
841,72,2017,بكالوريوس اللغة الانجليزية و ادابها,Female,841,68,841,35,546.0,159.0,428.0,15.0
842,195,2017,بكالوريوس اللغة الانجليزية و ادابها,Male,842,29,842,139,547.0,170.0,429.0,35.0
843,72,2017,بكالوريوس تجارة,Female,843,68,843,35,548.0,159.0,430.0,15.0
844,195,2017,بكالوريوس تجارة,Male,844,29,844,139,549.0,170.0,431.0,35.0
845,72,2017,بكالوريوس تربية,Female,845,68,845,35,550.0,159.0,432.0,15.0
846,195,2017,بكالوريوس تربية,Male,846,29,846,139,551.0,170.0,433.0,35.0
847,72,2017,بكالوريوس تعاون,Female,847,68,847,35,552.0,159.0,434.0,15.0
848,195,2017,بكالوريوس تعاون,Male,848,29,848,139,553.0,170.0,435.0,35.0
849,72,2017,بكالوريوس دراسات اسلامية,Female,849,68,849,35,554.0,159.0,436.0,15.0
850,195,2017,بكالوريوس دراسات اسلامية,Male,850,29,850,139,555.0,170.0,437.0,35.0
851,72,2017,بكالوريوس فنون جميلة,Female,851,68,851,35,556.0,159.0,438.0,15.0
852,195,2017,بكالوريوس فنون جميلة,Male,852,29,852,139,557.0,170.0,439.0,35.0
853,72,2017,بكالوريوس فى العلوم الطبية البيطرية,Female,853,68,853,35,558.0,159.0,440.0,15.0
854,195,2017,بكالوريوس فى العلوم الطبية البيطرية,Male,854,29,854,139,559.0,170.0,441.0,35.0
855,72,2017,بكالوريوس معهد السينما,Female,855,68,855,35,560.0,159.0,442.0,15.0
856,195,2017,بكالوريوس معهد السينما,Male,856,29,856,139,561.0,170.0,443.0,35.0
857,72,2017,بكالوريوس معهد عالى علوم أدارية,Female,857,68,857,35,562.0,159.0,444.0,15.0
858,195,2017,بكالوريوس معهد عالى علوم أدارية,Male,858,29,858,139,563.0,170.0,445.0,35.0
859,72,2017,بكالوريوس هندسة,Female,859,68,859,35,564.0,159.0,446.0,15.0
860,195,2017,بكالوريوس هندسة,Male,860,29,860,139,565.0,170.0,447.0,35.0
861,72,2017,بكالويوس فى علوم الحاسب,Female,861,68,861,35,566.0,159.0,448.0,15.0
862,195,2017,بكالويوس فى علوم الحاسب,Male,862,29,862,139,567.0,170.0,449.0,35.0
863,72,2017,ثانوى صناعى,Female,863,68,863,35,568.0,159.0,450.0,15.0
864,195,2017,ثانوى صناعى,Male,864,29,864,139,569.0,170.0,451.0,35.0
865,72,2017,ثانوية أزهرية علمى (رياضة),Female,865,68,865,35,570.0,159.0,452.0,15.0
866,195,2017,ثانوية أزهرية علمى (رياضة),Male,866,29,866,139,571.0,170.0,453.0,35.0
867,72,2017,ثانوية أنجليزية,Female,867,68,867,35,572.0,159.0,454.0,15.0
868,195,2017,ثانوية أنجليزية,Male,868,29,868,139,573.0,170.0,455.0,35.0
869,72,2017,ثانوية عامة,Female,869,68,869,35,574.0,159.0,456.0,15.0
870,195,2017,ثانوية عامة,Male,870,29,870,139,575.0,170.0,457.0,35.0
871,72,2017,ثانوية عامة (أدبى),Female,871,68,871,35,576.0,159.0,458.0,15.0
872,195,2017,ثانوية عامة (أدبى),Male,872,29,872,139,577.0,170.0,459.0,35.0
873,72,2017,ثانوية عامة (لايوجد مستخرج او صورة للشهادة),Female,873,68,873,35,578.0,159.0,460.0,15.0
874,195,2017,ثانوية عامة (لايوجد مستخرج او صورة للشهادة),Male,874,29,874,139,579.0,170.0,461.0,35.0
875,72,2017,ثانوية عامة (متأدب),Female,875,68,875,35,580.0,159.0,462.0,15.0
876,195,2017,ثانوية عامة (متأدب),Male,876,29,876,139,581.0,170.0,463.0,35.0
877,72,2017,ثانوية عامة - غير موثقة من الخارجية,Female,877,68,877,35,582.0,159.0,464.0,15.0
878,195,2017,ثانوية عامة - غير موثقة من الخارجية,Male,878,29,878,139,583.0,170.0,465.0,35.0
879,72,2017,ثانوية عامة أزهرية ( أدبى),Female,879,68,879,35,584.0,159.0,466.0,15.0
880,195,2017,ثانوية عامة أزهرية ( أدبى),Male,880,29,880,139,585.0,170.0,467.0,35.0
881,72,2017,ثانوية عامة أزهرية ( علمى),Female,881,68,881,35,586.0,159.0,468.0,15.0
882,195,2017,ثانوية عامة أزهرية ( علمى),Male,882,29,882,139,587.0,170.0,469.0,35.0
883,72,2017,ثانوية عامة علمى (رياضة),Female,883,68,883,35,588.0,159.0,470.0,15.0
884,195,2017,ثانوية عامة علمى (رياضة),Male,884,29,884,139,589.0,170.0,471.0,35.0
885,72,2017,ثانوية عامة علمى (علوم),Female,885,68,885,35,590.0,159.0,472.0,15.0
886,195,2017,ثانوية عامة علمى (علوم),Male,886,29,886,139,591.0,170.0,473.0,35.0
887,72,2017,ثانوية عامة علمي - قديم,Female,887,68,887,35,592.0,159.0,474.0,15.0
888,195,2017,ثانوية عامة علمي - قديم,Male,888,29,888,139,593.0,170.0,475.0,35.0
889,72,2017,ثانوية فندقية,Female,889,68,889,35,594.0,159.0,476.0,15.0
890,195,2017,ثانوية فندقية,Male,890,29,890,139,595.0,170.0,477.0,35.0
891,72,2017,ثانوية فنية تجارية,Female,891,68,891,35,596.0,159.0,478.0,15.0
892,195,2017,ثانوية فنية تجارية,Male,892,29,892,139,597.0,170.0,479.0,35.0
893,72,2017,ثانوية فنية زراعية,Female,893,68,893,35,598.0,159.0,480.0,15.0
894,195,2017,ثانوية فنية زراعية,Male,894,29,894,139,599.0,170.0,481.0,35.0
895,72,2017,ثانوية معادلة عربية,Female,895,68,895,35,600.0,159.0,482.0,15.0
896,195,2017,ثانوية معادلة عربية,Male,896,29,896,139,601.0,170.0,483.0,35.0
897,72,2017,ثانوية معادلة عربية  (علمى),Female,897,68,897,35,602.0,159.0,484.0,15.0
898,195,2017,ثانوية معادلة عربية  (علمى),Male,898,29,898,139,603.0,170.0,485.0,35.0
899,72,2017,ثانوية معادلة عربية (أدبى),Female,899,68,899,35,604.0,159.0,486.0,15.0
900,195,2017,ثانوية معادلة عربية (أدبى),Male,900,29,900,139,605.0,170.0,487.0,35.0
901,72,2017,ثانوية معادلة عربية (تجارى),Female,901,68,901,35,606.0,159.0,488.0,15.0
902,195,2017,ثانوية معادلة عربية (تجارى),Male,902,29,902,139,607.0,170.0,489.0,35.0
903,72,2017,ثانوية معادلة عربية (صناعى) بنظام 5  سنوات,Female,903,68,903,35,608.0,159.0,490.0,15.0
904,195,2017,ثانوية معادلة عربية (صناعى) بنظام 5  سنوات,Male,904,29,904,139,609.0,170.0,491.0,35.0
905,72,2017,دبلوم تلمذة صناعية,Female,905,68,905,35,610.0,159.0,492.0,15.0
906,195,2017,دبلوم تلمذة صناعية,Male,906,29,906,139,611.0,170.0,493.0,35.0
907,72,2017,دبلوم دراسات عليا فى الحاسبات,Female,907,68,907,35,612.0,159.0,494.0,15.0
908,195,2017,دبلوم دراسات عليا فى الحاسبات,Male,908,29,908,139,613.0,170.0,495.0,35.0
909,72,2017,دبلوم صنايع - شعبة حاسب الي بنظام 5 سنوات,Female,909,68,909,35,614.0,159.0,496.0,15.0
910,195,2017,دبلوم صنايع - شعبة حاسب الي بنظام 5 سنوات,Male,910,29,910,139,615.0,170.0,497.0,35.0
911,72,2017,دبلوم فندقى,Female,911,68,911,35,616.0,159.0,498.0,15.0
912,195,2017,دبلوم فندقى,Male,912,29,912,139,617.0,170.0,499.0,35.0
913,72,2017,دبلوم مدارس ثانوية فنية صناعية,Female,913,68,913,35,618.0,159.0,500.0,15.0
914,195,2017,دبلوم مدارس ثانوية فنية صناعية,Male,914,29,914,139,619.0,170.0,501.0,35.0
915,72,2017,دبلوم مدارس ثانوية فنية للأدارة  والخدمات,Female,915,68,915,35,620.0,159.0,502.0,15.0
916,195,2017,دبلوم مدارس ثانوية فنية للأدارة  والخدمات,Male,916,29,916,139,621.0,170.0,503.0,35.0
917,72,2017,دبلوم معاهد صناعية,Female,917,68,917,35,622.0,159.0,504.0,15.0
918,195,2017,دبلوم معاهد صناعية,Male,918,29,918,139,623.0,170.0,505.0,35.0
919,72,2017,دبلوم معاهد فوق المتوسط,Female,919,68,919,35,624.0,159.0,506.0,15.0
920,195,2017,دبلوم معاهد فوق المتوسط,Male,920,29,920,139,625.0,170.0,507.0,35.0
921,72,2017,دبلومة امريكية - تعهد بأحضار السات,Female,921,68,921,35,626.0,159.0,508.0,15.0
922,195,2017,دبلومة امريكية - تعهد بأحضار السات,Male,922,29,922,139,627.0,170.0,509.0,35.0
923,72,2017,دبلومة امريكية - جديد,Female,923,68,923,35,628.0,159.0,510.0,15.0
924,195,2017,دبلومة امريكية - جديد,Male,924,29,924,139,629.0,170.0,511.0,35.0
925,72,2017,دبلومة امريكية - قديم,Female,925,68,925,35,630.0,159.0,512.0,15.0
926,195,2017,دبلومة امريكية - قديم,Male,926,29,926,139,631.0,170.0,513.0,35.0
927,72,2017,دكتوراة فى الهندسة المعمارية,Female,927,68,927,35,632.0,159.0,514.0,15.0
928,195,2017,دكتوراة فى الهندسة المعمارية,Male,928,29,928,139,633.0,170.0,515.0,35.0
929,72,2017,سات 2,Female,929,68,929,35,634.0,159.0,516.0,15.0
930,195,2017,سات 2,Male,930,29,930,139,635.0,170.0,517.0,35.0
931,72,2017,سياحه وفنادق- إدارة وخدمات,Female,931,68,931,35,636.0,159.0,518.0,15.0
932,195,2017,سياحه وفنادق- إدارة وخدمات,Male,932,29,932,139,637.0,170.0,519.0,35.0
933,72,2017,شهادة أجنبية,Female,933,68,933,35,638.0,159.0,520.0,15.0
934,195,2017,شهادة أجنبية,Male,934,29,934,139,639.0,170.0,521.0,35.0
935,72,2017,غير معرف,Female,935,68,935,35,640.0,159.0,522.0,15.0
936,195,2017,غير معرف,Male,936,29,936,139,641.0,170.0,523.0,35.0
937,72,2017,ليسانس أداب,Female,937,68,937,35,642.0,159.0,524.0,15.0
938,195,2017,ليسانس أداب,Male,938,29,938,139,643.0,170.0,525.0,35.0
939,72,2017,ليسانس ألسن,Female,939,68,939,35,644.0,159.0,526.0,15.0
940,195,2017,ليسانس ألسن,Male,940,29,940,139,645.0,170.0,527.0,35.0
941,72,2017,ليسانس حقوق,Female,941,68,941,35,646.0,159.0,528.0,15.0
942,195,2017,ليسانس حقوق,Male,942,29,942,139,647.0,170.0,529.0,35.0
943,72,2017,ليسانس علوم أدارية,Female,943,68,943,35,648.0,159.0,530.0,15.0
944,195,2017,ليسانس علوم أدارية,Male,944,29,944,139,649.0,170.0,531.0,35.0
945,118,2018,***مكرر**دبلوم,Female,945,91,945,50,650.0,213.0,532.0,24.0
946,291,2018,***مكرر**دبلوم,Male,946,25,946,273,651.0,236.0,533.0,24.0
947,118,2018,I.G.C.S.E,Female,947,91,947,50,652.0,213.0,534.0,24.0
948,291,2018,I.G.C.S.E,Male,948,25,948,273,653.0,236.0,535.0,24.0
949,118,2018,اخرى,Female,949,91,949,50,654.0,213.0,536.0,24.0
950,291,2018,اخرى,Male,950,25,950,273,655.0,236.0,537.0,24.0
951,118,2018,بكالوريوس,Female,951,91,951,50,656.0,213.0,538.0,24.0
952,291,2018,بكالوريوس,Male,952,25,952,273,657.0,236.0,539.0,24.0
953,118,2018,بكالوريوس أداب,Female,953,91,953,50,658.0,213.0,540.0,24.0
954,291,2018,بكالوريوس أداب,Male,954,25,954,273,659.0,236.0,541.0,24.0
955,118,2018,بكالوريوس أعلام,Female,955,91,955,50,660.0,213.0,542.0,24.0
956,291,2018,بكالوريوس أعلام,Male,956,25,956,273,661.0,236.0,543.0,24.0
957,118,2018,بكالوريوس الطب والجراحة,Female,957,91,957,50,662.0,213.0,544.0,24.0
958,291,2018,بكالوريوس الطب والجراحة,Male,958,25,958,273,663.0,236.0,545.0,24.0
959,118,2018,بكالوريوس اللغة الانجليزية و ادابها,Female,959,91,959,50,664.0,213.0,546.0,24.0
960,291,2018,بكالوريوس اللغة الانجليزية و ادابها,Male,960,25,960,273,665.0,236.0,547.0,24.0
961,118,2018,بكالوريوس تجارة,Female,961,91,961,50,666.0,213.0,548.0,24.0
962,291,2018,بكالوريوس تجارة,Male,962,25,962,273,667.0,236.0,549.0,24.0
963,118,2018,بكالوريوس تربية,Female,963,91,963,50,668.0,213.0,550.0,24.0
964,291,2018,بكالوريوس تربية,Male,964,25,964,273,669.0,236.0,551.0,24.0
965,118,2018,بكالوريوس تعاون,Female,965,91,965,50,670.0,213.0,552.0,24.0
966,291,2018,بكالوريوس تعاون,Male,966,25,966,273,671.0,236.0,553.0,24.0
967,118,2018,بكالوريوس دراسات اسلامية,Female,967,91,967,50,672.0,213.0,554.0,24.0
968,291,2018,بكالوريوس دراسات اسلامية,Male,968,25,968,273,673.0,236.0,555.0,24.0
969,118,2018,بكالوريوس فنون جميلة,Female,969,91,969,50,674.0,213.0,556.0,24.0
970,291,2018,بكالوريوس فنون جميلة,Male,970,25,970,273,675.0,236.0,557.0,24.0
971,118,2018,بكالوريوس فى العلوم الطبية البيطرية,Female,971,91,971,50,676.0,213.0,558.0,24.0
972,291,2018,بكالوريوس فى العلوم الطبية البيطرية,Male,972,25,972,273,677.0,236.0,559.0,24.0
973,118,2018,بكالوريوس معهد السينما,Female,973,91,973,50,678.0,213.0,560.0,24.0
974,291,2018,بكالوريوس معهد السينما,Male,974,25,974,273,679.0,236.0,561.0,24.0
975,118,2018,بكالوريوس معهد عالى علوم أدارية,Female,975,91,975,50,680.0,213.0,562.0,24.0
976,291,2018,بكالوريوس معهد عالى علوم أدارية,Male,976,25,976,273,681.0,236.0,563.0,24.0
977,118,2018,بكالوريوس هندسة,Female,977,91,977,50,682.0,213.0,564.0,24.0
978,291,2018,بكالوريوس هندسة,Male,978,25,978,273,683.0,236.0,565.0,24.0
979,118,2018,بكالويوس فى علوم الحاسب,Female,979,91,979,50,684.0,213.0,566.0,24.0
980,291,2018,بكالويوس فى علوم الحاسب,Male,980,25,980,273,685.0,236.0,567.0,24.0
981,118,2018,ثانوى صناعى,Female,981,91,981,50,686.0,213.0,568.0,24.0
982,291,2018,ثانوى صناعى,Male,982,25,982,273,687.0,236.0,569.0,24.0
983,118,2018,ثانوية أزهرية علمى (رياضة),Female,983,91,983,50,688.0,213.0,570.0,24.0
984,291,2018,ثانوية أزهرية علمى (رياضة),Male,984,25,984,273,689.0,236.0,571.0,24.0
985,118,2018,ثانوية أنجليزية,Female,985,91,985,50,690.0,213.0,572.0,24.0
986,291,2018,ثانوية أنجليزية,Male,986,25,986,273,691.0,236.0,573.0,24.0
987,118,2018,ثانوية عامة,Female,987,91,987,50,692.0,213.0,574.0,24.0
988,291,2018,ثانوية عامة,Male,988,25,988,273,693.0,236.0,575.0,24.0
989,118,2018,ثانوية عامة (أدبى),Female,989,91,989,50,694.0,213.0,576.0,24.0
990,291,2018,ثانوية عامة (أدبى),Male,990,25,990,273,695.0,236.0,577.0,24.0
991,118,2018,ثانوية عامة (لايوجد مستخرج او صورة للشهادة),Female,991,91,991,50,696.0,213.0,578.0,24.0
992,291,2018,ثانوية عامة (لايوجد مستخرج او صورة للشهادة),Male,992,25,992,273,697.0,236.0,579.0,24.0
993,118,2018,ثانوية عامة (متأدب),Female,993,91,993,50,698.0,213.0,580.0,24.0
994,291,2018,ثانوية عامة (متأدب),Male,994,25,994,273,699.0,236.0,581.0,24.0
995,118,2018,ثانوية عامة - غير موثقة من الخارجية,Female,995,91,995,50,700.0,213.0,582.0,24.0
996,291,2018,ثانوية عامة - غير موثقة من الخارجية,Male,996,25,996,273,701.0,236.0,583.0,24.0
997,118,2018,ثانوية عامة أزهرية ( أدبى),Female,997,91,997,50,702.0,213.0,584.0,24.0
998,291,2018,ثانوية عامة أزهرية ( أدبى),Male,998,25,998,273,703.0,236.0,585.0,24.0
999,118,2018,ثانوية عامة أزهرية ( علمى),Female,999,91,999,50,704.0,213.0,586.0,24.0
1000,291,2018,ثانوية عامة أزهرية ( علمى),Male,1000,25,1000,273,705.0,236.0,587.0,24.0
1001,118,2018,ثانوية عامة علمى (رياضة),Female,1001,91,1001,50,706.0,213.0,588.0,24.0
1002,291,2018,ثانوية عامة علمى (رياضة),Male,1002,25,1002,273,707.0,236.0,589.0,24.0
1003,118,2018,ثانوية عامة علمى (علوم),Female,1003,91,1003,50,708.0,213.0,590.0,24.0
1004,291,2018,ثانوية عامة علمى (علوم),Male,1004,25,1004,273,709.0,236.0,591.0,24.0
1005,118,2018,ثانوية عامة علمي - قديم,Female,1005,91,1005,50,710.0,213.0,592.0,24.0
1006,291,2018,ثانوية عامة علمي - قديم,Male,1006,25,1006,273,711.0,236.0,593.0,24.0
1007,118,2018,ثانوية فندقية,Female,1007,91,1007,50,712.0,213.0,594.0,24.0
1008,291,2018,ثانوية فندقية,Male,1008,25,1008,273,713.0,236.0,595.0,24.0
1009,118,2018,ثانوية فنية تجارية,Female,1009,91,1009,50,714.0,213.0,596.0,24.0
1010,291,2018,ثانوية فنية تجارية,Male,1010,25,1010,273,715.0,236.0,597.0,24.0
1011,118,2018,ثانوية فنية زراعية,Female,1011,91,1011,50,716.0,213.0,598.0,24.0
1012,291,2018,ثانوية فنية زراعية,Male,1012,25,1012,273,717.0,236.0,599.0,24.0
1013,118,2018,ثانوية معادلة عربية,Female,1013,91,1013,50,718.0,213.0,600.0,24.0
1014,291,2018,ثانوية معادلة عربية,Male,1014,25,1014,273,719.0,236.0,601.0,24.0
1015,118,2018,ثانوية معادلة عربية  (علمى),Female,1015,91,1015,50,720.0,213.0,602.0,24.0
1016,291,2018,ثانوية معادلة عربية  (علمى),Male,1016,25,1016,273,721.0,236.0,603.0,24.0
1017,118,2018,ثانوية معادلة عربية (أدبى),Female,1017,91,1017,50,722.0,213.0,604.0,24.0
1018,291,2018,ثانوية معادلة عربية (أدبى),Male,1018,25,1018,273,723.0,236.0,605.0,24.0
1019,118,2018,ثانوية معادلة عربية (تجارى),Female,1019,91,1019,50,724.0,213.0,606.0,24.0
1020,291,2018,ثانوية معادلة عربية (تجارى),Male,1020,25,1020,273,725.0,236.0,607.0,24.0
1021,118,2018,ثانوية معادلة عربية (صناعى) بنظام 5  سنوات,Female,1021,91,1021,50,726.0,213.0,608.0,24.0
1022,291,2018,ثانوية معادلة عربية (صناعى) بنظام 5  سنوات,Male,1022,25,1022,273,727.0,236.0,609.0,24.0
1023,118,2018,دبلوم تلمذة صناعية,Female,1023,91,1023,50,728.0,213.0,610.0,24.0
1024,291,2018,دبلوم تلمذة صناعية,Male,1024,25,1024,273,729.0,236.0,611.0,24.0
1025,118,2018,دبلوم دراسات عليا فى الحاسبات,Female,1025,91,1025,50,730.0,213.0,612.0,24.0
1026,291,2018,دبلوم دراسات عليا فى الحاسبات,Male,1026,25,1026,273,731.0,236.0,613.0,24.0
1027,118,2018,دبلوم صنايع - شعبة حاسب الي بنظام 5 سنوات,Female,1027,91,1027,50,732.0,213.0,614.0,24.0
1028,291,2018,دبلوم صنايع - شعبة حاسب الي بنظام 5 سنوات,Male,1028,25,1028,273,733.0,236.0,615.0,24.0
1029,118,2018,دبلوم فندقى,Female,1029,91,1029,50,734.0,213.0,616.0,24.0
1030,291,2018,دبلوم فندقى,Male,1030,25,1030,273,735.0,236.0,617.0,24.0
1031,118,2018,دبلوم مدارس ثانوية فنية صناعية,Female,1031,91,1031,50,736.0,213.0,618.0,24.0
1032,291,2018,دبلوم مدارس ثانوية فنية صناعية,Male,1032,25,1032,273,737.0,236.0,619.0,24.0
1033,118,2018,دبلوم مدارس ثانوية فنية للأدارة  والخدمات,Female,1033,91,1033,50,738.0,213.0,620.0,24.0
1034,291,2018,دبلوم مدارس ثانوية فنية للأدارة  والخدمات,Male,1034,25,1034,273,739.0,236.0,621.0,24.0
1035,118,2018,دبلوم معاهد صناعية,Female,1035,91,1035,50,740.0,213.0,622.0,24.0
1036,291,2018,دبلوم معاهد صناعية,Male,1036,25,1036,273,741.0,236.0,623.0,24.0
1037,118,2018,دبلوم معاهد فوق المتوسط,Female,1037,91,1037,50,742.0,213.0,624.0,24.0
1038,291,2018,دبلوم معاهد فوق المتوسط,Male,1038,25,1038,273,743.0,236.0,625.0,24.0
1039,118,2018,دبلومة امريكية - تعهد بأحضار السات,Female,1039,91,1039,50,744.0,213.0,626.0,24.0
1040,291,2018,دبلومة امريكية - تعهد بأحضار السات,Male,1040,25,1040,273,745.0,236.0,627.0,24.0
1041,118,2018,دبلومة امريكية - جديد,Female,1041,91,1041,50,746.0,213.0,628.0,24.0
1042,291,2018,دبلومة امريكية - جديد,Male,1042,25,1042,273,747.0,236.0,629.0,24.0
1043,118,2018,دبلومة امريكية - قديم,Female,1043,91,1043,50,748.0,213.0,630.0,24.0
1044,291,2018,دبلومة امريكية - قديم,Male,1044,25,1044,273,749.0,236.0,631.0,24.0
1045,118,2018,دكتوراة فى الهندسة المعمارية,Female,1045,91,1045,50,750.0,213.0,632.0,24.0
1046,291,2018,دكتوراة فى الهندسة المعمارية,Male,1046,25,1046,273,751.0,236.0,633.0,24.0
1047,118,2018,سات 2,Female,1047,91,1047,50,752.0,213.0,634.0,24.0
1048,291,2018,سات 2,Male,1048,25,1048,273,753.0,236.0,635.0,24.0
1049,118,2018,سياحه وفنادق- إدارة وخدمات,Female,1049,91,1049,50,754.0,213.0,636.0,24.0
1050,291,2018,سياحه وفنادق- إدارة وخدمات,Male,1050,25,1050,273,755.0,236.0,637.0,24.0
1051,118,2018,شهادة أجنبية,Female,1051,91,1051,50,756.0,213.0,638.0,24.0
1052,291,2018,شهادة أجنبية,Male,1052,25,1052,273,757.0,236.0,639.0,24.0
1053,118,2018,غير معرف,Female,1053,91,1053,50,758.0,213.0,640.0,24.0
1054,291,2018,غير معرف,Male,1054,25,1054,273,759.0,236.0,641.0,24.0
1055,118,2018,ليسانس أداب,Female,1055,91,1055,50,760.0,213.0,642.0,24.0
1056,291,2018,ليسانس أداب,Male,1056,25,1056,273,761.0,236.0,643.0,24.0
1057,118,2018,ليسانس ألسن,Female,1057,91,1057,50,762.0,213.0,644.0,24.0
1058,291,2018,ليسانس ألسن,Male,1058,25,1058,273,763.0,236.0,645.0,24.0
1059,118,2018,ليسانس حقوق,Female,1059,91,1059,50,764.0,213.0,646.0,24.0
1060,291,2018,ليسانس حقوق,Male,1060,25,1060,273,765.0,236.0,647.0,24.0
1061,118,2018,ليسانس علوم أدارية,Female,1061,91,1061,50,766.0,213.0,648.0,24.0
1062,291,2018,ليسانس علوم أدارية,Male,1062,25,1062,273,767.0,236.0,649.0,24.0
1063,101,2019,***مكرر**دبلوم,Female,1063,63,1063,81,768.0,157.0,650.0,22.0
1064,268,2019,***مكرر**دبلوم,Male,1064,26,1064,323,769.0,190.0,651.0,17.0
1065,101,2019,I.G.C.S.E,Female,1065,63,1065,81,770.0,157.0,652.0,22.0
1066,268,2019,I.G.C.S.E,Male,1066,26,1066,323,771.0,190.0,653.0,17.0
1067,101,2019,اخرى,Female,1067,63,1067,81,772.0,157.0,654.0,22.0
1068,268,2019,اخرى,Male,1068,26,1068,323,773.0,190.0,655.0,17.0
1069,101,2019,بكالوريوس,Female,1069,63,1069,81,774.0,157.0,656.0,22.0
1070,268,2019,بكالوريوس,Male,1070,26,1070,323,775.0,190.0,657.0,17.0
1071,101,2019,بكالوريوس أداب,Female,1071,63,1071,81,776.0,157.0,658.0,22.0
1072,268,2019,بكالوريوس أداب,Male,1072,26,1072,323,777.0,190.0,659.0,17.0
1073,101,2019,بكالوريوس أعلام,Female,1073,63,1073,81,778.0,157.0,660.0,22.0
1074,268,2019,بكالوريوس أعلام,Male,1074,26,1074,323,779.0,190.0,661.0,17.0
1075,101,2019,بكالوريوس الطب والجراحة,Female,1075,63,1075,81,780.0,157.0,662.0,22.0
1076,268,2019,بكالوريوس الطب والجراحة,Male,1076,26,1076,323,781.0,190.0,663.0,17.0
1077,101,2019,بكالوريوس اللغة الانجليزية و ادابها,Female,1077,63,1077,81,782.0,157.0,664.0,22.0
1078,268,2019,بكالوريوس اللغة الانجليزية و ادابها,Male,1078,26,1078,323,783.0,190.0,665.0,17.0
1079,101,2019,بكالوريوس تجارة,Female,1079,63,1079,81,784.0,157.0,666.0,22.0
1080,268,2019,بكالوريوس تجارة,Male,1080,26,1080,323,785.0,190.0,667.0,17.0
1081,101,2019,بكالوريوس تربية,Female,1081,63,1081,81,786.0,157.0,668.0,22.0
1082,268,2019,بكالوريوس تربية,Male,1082,26,1082,323,787.0,190.0,669.0,17.0
1083,101,2019,بكالوريوس تعاون,Female,1083,63,1083,81,788.0,157.0,670.0,22.0
1084,268,2019,بكالوريوس تعاون,Male,1084,26,1084,323,789.0,190.0,671.0,17.0
1085,101,2019,بكالوريوس دراسات اسلامية,Female,1085,63,1085,81,790.0,157.0,672.0,22.0
1086,268,2019,بكالوريوس دراسات اسلامية,Male,1086,26,1086,323,791.0,190.0,673.0,17.0
1087,101,2019,بكالوريوس فنون جميلة,Female,1087,63,1087,81,792.0,157.0,674.0,22.0
1088,268,2019,بكالوريوس فنون جميلة,Male,1088,26,1088,323,793.0,190.0,675.0,17.0
1089,101,2019,بكالوريوس فى العلوم الطبية البيطرية,Female,1089,63,1089,81,794.0,157.0,676.0,22.0
1090,268,2019,بكالوريوس فى العلوم الطبية البيطرية,Male,1090,26,1090,323,795.0,190.0,677.0,17.0
1091,101,2019,بكالوريوس معهد السينما,Female,1091,63,1091,81,796.0,157.0,678.0,22.0
1092,268,2019,بكالوريوس معهد السينما,Male,1092,26,1092,323,797.0,190.0,679.0,17.0
1093,101,2019,بكالوريوس معهد عالى علوم أدارية,Female,1093,63,1093,81,798.0,157.0,680.0,22.0
1094,268,2019,بكالوريوس معهد عالى علوم أدارية,Male,1094,26,1094,323,799.0,190.0,681.0,17.0
1095,101,2019,بكالوريوس هندسة,Female,1095,63,1095,81,800.0,157.0,682.0,22.0
1096,268,2019,بكالوريوس هندسة,Male,1096,26,1096,323,801.0,190.0,683.0,17.0
1097,101,2019,بكالويوس فى علوم الحاسب,Female,1097,63,1097,81,802.0,157.0,684.0,22.0
1098,268,2019,بكالويوس فى علوم الحاسب,Male,1098,26,1098,323,803.0,190.0,685.0,17.0
1099,101,2019,ثانوى صناعى,Female,1099,63,1099,81,804.0,157.0,686.0,22.0
1100,268,2019,ثانوى صناعى,Male,1100,26,1100,323,805.0,190.0,687.0,17.0
1101,101,2019,ثانوية أزهرية علمى (رياضة),Female,1101,63,1101,81,806.0,157.0,688.0,22.0
1102,268,2019,ثانوية أزهرية علمى (رياضة),Male,1102,26,1102,323,807.0,190.0,689.0,17.0
1103,101,2019,ثانوية أنجليزية,Female,1103,63,1103,81,808.0,157.0,690.0,22.0
1104,268,2019,ثانوية أنجليزية,Male,1104,26,1104,323,809.0,190.0,691.0,17.0
1105,101,2019,ثانوية عامة,Female,1105,63,1105,81,810.0,157.0,692.0,22.0
1106,268,2019,ثانوية عامة,Male,1106,26,1106,323,811.0,190.0,693.0,17.0
1107,101,2019,ثانوية عامة (أدبى),Female,1107,63,1107,81,812.0,157.0,694.0,22.0
1108,268,2019,ثانوية عامة (أدبى),Male,1108,26,1108,323,813.0,190.0,695.0,17.0
1109,101,2019,ثانوية عامة (لايوجد مستخرج او صورة للشهادة),Female,1109,63,1109,81,814.0,157.0,696.0,22.0
1110,268,2019,ثانوية عامة (لايوجد مستخرج او صورة للشهادة),Male,1110,26,1110,323,815.0,190.0,697.0,17.0
1111,101,2019,ثانوية عامة (متأدب),Female,1111,63,1111,81,816.0,157.0,698.0,22.0
1112,268,2019,ثانوية عامة (متأدب),Male,1112,26,1112,323,817.0,190.0,699.0,17.0
1113,101,2019,ثانوية عامة - غير موثقة من الخارجية,Female,1113,63,1113,81,818.0,157.0,700.0,22.0
1114,268,2019,ثانوية عامة - غير موثقة من الخارجية,Male,1114,26,1114,323,819.0,190.0,701.0,17.0
1115,101,2019,ثانوية عامة أزهرية ( أدبى),Female,1115,63,1115,81,820.0,157.0,702.0,22.0
1116,268,2019,ثانوية عامة أزهرية ( أدبى),Male,1116,26,1116,323,821.0,190.0,703.0,17.0
1117,101,2019,ثانوية عامة أزهرية ( علمى),Female,1117,63,1117,81,822.0,157.0,704.0,22.0
1118,268,2019,ثانوية عامة أزهرية ( علمى),Male,1118,26,1118,323,823.0,190.0,705.0,17.0
1119,101,2019,ثانوية عامة علمى (رياضة),Female,1119,63,1119,81,824.0,157.0,706.0,22.0
1120,268,2019,ثانوية عامة علمى (رياضة),Male,1120,26,1120,323,825.0,190.0,707.0,17.0
1121,101,2019,ثانوية عامة علمى (علوم),Female,1121,63,1121,81,826.0,157.0,708.0,22.0
1122,268,2019,ثانوية عامة علمى (علوم),Male,1122,26,1122,323,827.0,190.0,709.0,17.0
1123,101,2019,ثانوية عامة علمي - قديم,Female,1123,63,1123,81,828.0,157.0,710.0,22.0
1124,268,2019,ثانوية عامة علمي - قديم,Male,1124,26,1124,323,829.0,190.0,711.0,17.0
1125,101,2019,ثانوية فندقية,Female,1125,63,1125,81,830.0,157.0,712.0,22.0
1126,268,2019,ثانوية فندقية,Male,1126,26,1126,323,831.0,190.0,713.0,17.0
1127,101,2019,ثانوية فنية تجارية,Female,1127,63,1127,81,832.0,157.0,714.0,22.0
1128,268,2019,ثانوية فنية تجارية,Male,1128,26,1128,323,833.0,190.0,715.0,17.0
1129,101,2019,ثانوية فنية زراعية,Female,1129,63,1129,81,834.0,157.0,716.0,22.0
1130,268,2019,ثانوية فنية زراعية,Male,1130,26,1130,323,835.0,190.0,717.0,17.0
1131,101,2019,ثانوية معادلة عربية,Female,1131,63,1131,81,836.0,157.0,718.0,22.0
1132,268,2019,ثانوية معادلة عربية,Male,1132,26,1132,323,837.0,190.0,719.0,17.0
1133,101,2019,ثانوية معادلة عربية  (علمى),Female,1133,63,1133,81,838.0,157.0,720.0,22.0
1134,268,2019,ثانوية معادلة عربية  (علمى),Male,1134,26,1134,323,839.0,190.0,721.0,17.0
1135,101,2019,ثانوية معادلة عربية (أدبى),Female,1135,63,1135,81,840.0,157.0,722.0,22.0
1136,268,2019,ثانوية معادلة عربية (أدبى),Male,1136,26,1136,323,841.0,190.0,723.0,17.0
1137,101,2019,ثانوية معادلة عربية (تجارى),Female,1137,63,1137,81,842.0,157.0,724.0,22.0
1138,268,2019,ثانوية معادلة عربية (تجارى),Male,1138,26,1138,323,843.0,190.0,725.0,17.0
1139,101,2019,ثانوية معادلة عربية (صناعى) بنظام 5  سنوات,Female,1139,63,1139,81,844.0,157.0,726.0,22.0
1140,268,2019,ثانوية معادلة عربية (صناعى) بنظام 5  سنوات,Male,1140,26,1140,323,845.0,190.0,727.0,17.0
1141,101,2019,دبلوم تلمذة صناعية,Female,1141,63,1141,81,846.0,157.0,728.0,22.0
1142,268,2019,دبلوم تلمذة صناعية,Male,1142,26,1142,323,847.0,190.0,729.0,17.0
1143,101,2019,دبلوم دراسات عليا فى الحاسبات,Female,1143,63,1143,81,848.0,157.0,730.0,22.0
1144,268,2019,دبلوم دراسات عليا فى الحاسبات,Male,1144,26,1144,323,849.0,190.0,731.0,17.0
1145,101,2019,دبلوم صنايع - شعبة حاسب الي بنظام 5 سنوات,Female,1145,63,1145,81,850.0,157.0,732.0,22.0
1146,268,2019,دبلوم صنايع - شعبة حاسب الي بنظام 5 سنوات,Male,1146,26,1146,323,851.0,190.0,733.0,17.0
1147,101,2019,دبلوم فندقى,Female,1147,63,1147,81,852.0,157.0,734.0,22.0
1148,268,2019,دبلوم فندقى,Male,1148,26,1148,323,853.0,190.0,735.0,17.0
1149,101,2019,دبلوم مدارس ثانوية فنية صناعية,Female,1149,63,1149,81,854.0,157.0,736.0,22.0
1150,268,2019,دبلوم مدارس ثانوية فنية صناعية,Male,1150,26,1150,323,855.0,190.0,737.0,17.0
1151,101,2019,دبلوم مدارس ثانوية فنية للأدارة  والخدمات,Female,1151,63,1151,81,856.0,157.0,738.0,22.0
1152,268,2019,دبلوم مدارس ثانوية فنية للأدارة  والخدمات,Male,1152,26,1152,323,857.0,190.0,739.0,17.0
1153,101,2019,دبلوم معاهد صناعية,Female,1153,63,1153,81,858.0,157.0,740.0,22.0
1154,268,2019,دبلوم معاهد صناعية,Male,1154,26,1154,323,859.0,190.0,741.0,17.0
1155,101,2019,دبلوم معاهد فوق المتوسط,Female,1155,63,1155,81,860.0,157.0,742.0,22.0
1156,268,2019,دبلوم معاهد فوق المتوسط,Male,1156,26,1156,323,861.0,190.0,743.0,17.0
1157,101,2019,دبلومة امريكية - تعهد بأحضار السات,Female,1157,63,1157,81,862.0,157.0,744.0,22.0
1158,268,2019,دبلومة امريكية - تعهد بأحضار السات,Male,1158,26,1158,323,863.0,190.0,745.0,17.0
1159,101,2019,دبلومة امريكية - جديد,Female,1159,63,1159,81,864.0,157.0,746.0,22.0
1160,268,2019,دبلومة امريكية - جديد,Male,1160,26,1160,323,865.0,190.0,747.0,17.0
1161,101,2019,دبلومة امريكية - قديم,Female,1161,63,1161,81,866.0,157.0,748.0,22.0
1162,268,2019,دبلومة امريكية - قديم,Male,1162,26,1162,323,867.0,190.0,749.0,17.0
1163,101,2019,دكتوراة فى الهندسة المعمارية,Female,1163,63,1163,81,868.0,157.0,750.0,22.0
1164,268,2019,دكتوراة فى الهندسة المعمارية,Male,1164,26,1164,323,869.0,190.0,751.0,17.0
1165,101,2019,سات 2,Female,1165,63,1165,81,870.0,157.0,752.0,22.0
1166,268,2019,سات 2,Male,1166,26,1166,323,871.0,190.0,753.0,17.0
1167,101,2019,سياحه وفنادق- إدارة وخدمات,Female,1167,63,1167,81,872.0,157.0,754.0,22.0
1168,268,2019,سياحه وفنادق- إدارة وخدمات,Male,1168,26,1168,323,873.0,190.0,755.0,17.0
1169,101,2019,شهادة أجنبية,Female,1169,63,1169,81,874.0,157.0,756.0,22.0
1170,268,2019,شهادة أجنبية,Male,1170,26,1170,323,875.0,190.0,757.0,17.0
1171,101,2019,غير معرف,Female,1171,63,1171,81,876.0,157.0,758.0,22.0
1172,268,2019,غير معرف,Male,1172,26,1172,323,877.0,190.0,759.0,17.0
1173,101,2019,ليسانس أداب,Female,1173,63,1173,81,878.0,157.0,760.0,22.0
1174,268,2019,ليسانس أداب,Male,1174,26,1174,323,879.0,190.0,761.0,17.0
1175,101,2019,ليسانس ألسن,Female,1175,63,1175,81,880.0,157.0,762.0,22.0
1176,268,2019,ليسانس ألسن,Male,1176,26,1176,323,881.0,190.0,763.0,17.0
1177,101,2019,ليسانس حقوق,Female,1177,63,1177,81,882.0,157.0,764.0,22.0
1178,268,2019,ليسانس حقوق,Male,1178,26,1178,323,883.0,190.0,765.0,17.0
1179,101,2019,ليسانس علوم أدارية,Female,1179,63,1179,81,884.0,157.0,766.0,22.0
1180,268,2019,ليسانس علوم أدارية,Male,1180,26,1180,323,885.0,190.0,767.0,17.0
